first_name,last_name,address,date of birth,city,county,state,zip,phone1,phone2,email,web
James,Butt,6649 N Blue Gum St,9/22/1973,New Orleans,Orleans,LA,70116,504-621-8927,504-845-1427,jbutt@gmail.com,http://www.bentonjohnbjr.com
Josephine,Darakjy,4 B Blue Ridge Blvd,11/02/1996,Brighton,Livingston,MI,48116,810-292-9388,810-374-9840,josephine_darakjy@darakjy.org,http://www.chanayjeffreyaesq.com
Art,Venere,8 W Cerritos Ave #54,1/07/2000,Bridgeport,Gloucester,NJ,8014,856-636-8749,856-264-4130,art@venere.org,http://www.chemeljameslcpa.com
Lenna,Paprocki,639 Main St,11/14/1998,Anchorage,Anchorage,AK,99501,907-385-4412,907-921-2010,lpaprocki@hotmail.com,http://www.feltzprintingservice.com
Donette,Foller,34 Center St,1/28/1989,Hamilton,Butler,OH,45011,513-570-1893,513-549-4561,donette.foller@cox.net,http://www.printingdimensions.com
Simona,Morasca,3 Mcauley Dr,11/11/1973,Ashland,Ashland,OH,44805,419-503-2484,419-800-6759,simona@morasca.com,http://www.chapmanrosseesq.com
Mitsue,Tollner,7 Eads St,6/18/1974,Chicago,Cook,IL,60632,773-573-6914,773-924-8565,mitsue_tollner@yahoo.com,http://www.morlongassociates.com
Leota,Dilliard,7 W Jackson Blvd,12/01/1978,San Jose,Santa Clara,CA,95111,408-752-3500,408-813-1105,leota@hotmail.com,http://www.commercialpress.com
Sage,Wieser,5 Boston Ave #88,11/10/1982,Sioux Falls,Minnehaha,SD,57105,605-414-2147,605-794-4895,sage_wieser@cox.net,http://www.truhlarandtruhlarattys.com
Kris,Marrier,228 Runamuck Pl #2808,2/18/1986,Baltimore,Baltimore City,MD,21224,410-655-8723,410-804-4694,kris@gmail.com,http://www.kingchristopheraesq.com
Minna,Amigon,2371 Jerrold Ave,5/15/2001,Kulpsville,Montgomery,PA,19443,215-874-1229,215-422-8694,minna_amigon@yahoo.com,http://www.dorljamesjesq.com
Abel,Maclead,37275 St  Rt 17m M,2/13/1997,Middle Island,Suffolk,NY,11953,631-335-3414,631-677-3675,amaclead@gmail.com,http://www.rangoniofflorence.com
Kiley,Caldarera,25 E 75th St #69,2/18/1972,Los Angeles,Los Angeles,CA,90034,310-498-5651,310-254-3084,kiley.caldarera@aol.com,http://www.feinerbros.com
Graciela,Ruta,98 Connecticut Ave Nw,8/07/1999,Chagrin Falls,Geauga,OH,44023,440-780-8425,440-579-7763,gruta@cox.net,http://www.buckleymillerwright.com
Cammy,Albares,56 E Morehead St,6/08/1977,Laredo,Webb,TX,78045,956-537-6195,956-841-7216,calbares@gmail.com,http://www.rousseauxmichaelesq.com
Mattie,Poquette,73 State Road 434 E,6/22/1989,Phoenix,Maricopa,AZ,85013,602-277-4385,602-953-6360,mattie@aol.com,http://www.centurycommunications.com
Meaghan,Garufi,69734 E Carrillo St,12/15/1988,Mc Minnville,Warren,TN,37110,931-313-9635,931-235-7959,meaghan@hotmail.com,http://www.boltonwilburesq.com
Gladys,Rim,322 New Horizon Blvd,5/29/1978,Milwaukee,Milwaukee,WI,53207,414-661-9598,414-377-2880,gladys.rim@rim.org,http://www.tmbyxbeecompanypc.com
Yuki,Whobrey,1 State Route 27,5/30/1987,Taylor,Wayne,MI,48180,313-288-7937,313-341-4470,yuki_whobrey@aol.com,http://www.farmersinsurancegroup.com
Fletcher,Flosi,394 Manchester Blvd,1/14/2002,Rockford,Winnebago,IL,61109,815-828-2147,815-426-5657,fletcher.flosi@yahoo.com,http://www.postboxservicesplus.com
Bette,Nicka,6 S 33rd St,3/22/1988,Aston,Delaware,PA,19014,610-545-3615,610-492-4643,bette_nicka@cox.net,http://www.sportenart.com
Veronika,Inouye,6 Greenleaf Ave,10/06/1982,San Jose,Santa Clara,CA,95111,408-540-1785,408-813-4592,vinouye@aol.com,http://www.cnetworkinc.com
Willard,Kolmetz,618 W Yakima Ave,3/07/1983,Irving,Dallas,TX,75062,972-303-9197,972-896-4882,willard@hotmail.com,http://www.ingallsdonaldresq.com
Maryann,Royster,74 S Westgate St,7/07/1982,Albany,Albany,NY,12204,518-966-7987,518-448-8982,mroyster@royster.com,http://www.franklinpeterlesq.com
Alisha,Slusarski,3273 State St,9/26/1987,Middlesex,Middlesex,NJ,8846,732-658-3154,732-635-3453,alisha@slusarski.com,http://www.wtlzpowerfm.com
Allene,Iturbide,1 Central Ave,12/20/1978,Stevens Point,Portage,WI,54481,715-662-6764,715-530-9863,allene_iturbide@cox.net,http://www.ledeckydavidesq.com
Chanel,Caudy,86 Nw 66th St #8673,7/03/1982,Shawnee,Johnson,KS,66218,913-388-2079,913-899-1103,chanel.caudy@caudy.org,http://www.professionalimageinc.com
Ezekiel,Chui,2 Cedar Ave #84,7/16/1976,Easton,Talbot,MD,21601,410-669-1642,410-235-8738,ezekiel@chui.com,http://www.siderdonaldcesq.com
Willow,Kusko,90991 Thorburn Ave,3/21/1984,New York,New York,NY,10011,212-582-4976,212-934-5167,wkusko@yahoo.com,http://www.upullit.com
Bernardo,Figeroa,386 9th Ave N,11/11/1984,Conroe,Montgomery,TX,77301,936-336-3951,936-597-3614,bfigeroa@aol.com,http://www.clarkrichardcpa.com
Ammie,Corrio,74874 Atlantic Ave,1/19/1997,Columbus,Franklin,OH,43215,614-801-9788,614-648-3265,ammie@corrio.com,http://www.moskowitzbarrys.com
Francine,Vocelka,366 South Dr,12/19/1987,Las Cruces,Dona Ana,NM,88011,505-977-3911,505-335-5293,francine_vocelka@vocelka.com,http://www.cascaderealtyadvisorsinc.com
Ernie,Stenseth,45 E Liberty St,9/27/1998,Ridgefield Park,Bergen,NJ,7660,201-709-6245,201-387-9093,ernie_stenseth@aol.com,http://www.knwznewsradio.com
Albina,Glick,4 Ralph Ct,10/11/1996,Dunellen,Middlesex,NJ,8812,732-924-7882,732-782-6701,albina@glick.com,http://www.giampetroanthonyd.com
Alishia,Sergi,2742 Distribution Way,6/13/1993,New York,New York,NY,10025,212-860-1579,212-753-2740,asergi@gmail.com,http://www.milfordenterprisesinc.com
Solange,Shinko,426 Wolf St,11/03/1987,Metairie,Jefferson,LA,70002,504-979-9175,504-265-8174,solange@shinko.com,http://www.mosoccoronalda.com
Jose,Stockham,128 Bransten Rd,1/13/1993,New York,New York,NY,10011,212-675-8570,212-569-4233,jose@yahoo.com,http://www.tristaterefuelerco.com
Rozella,Ostrosky,17 Morena Blvd,9/09/1975,Camarillo,Ventura,CA,93012,805-832-6163,805-609-1531,rozella.ostrosky@ostrosky.com,http://www.parkwaycompany.com
Valentine,Gillian,775 W 17th St,10/07/1991,San Antonio,Bexar,TX,78204,210-812-9597,210-300-6244,valentine_gillian@gmail.com,http://www.fbsbusinessfinance.com
Kati,Rulapaugh,6980 Dorsett Rd,4/09/1980,Abilene,Dickinson,KS,67410,785-463-7829,785-219-7724,kati.rulapaugh@hotmail.com,http://www.ederassocsconsltngengrspc.com
Youlanda,Schemmer,2881 Lewis Rd,12/02/1982,Prineville,Crook,OR,97754,541-548-8197,541-993-2611,youlanda@aol.com,http://www.trimtoolinc.com
Dyan,Oldroyd,7219 Woodfield Rd,6/26/1974,Overland Park,Johnson,KS,66204,913-413-4604,913-645-8918,doldroyd@aol.com,http://www.internationaleyeletsinc.com
Roxane,Campain,1048 Main St,4/07/2000,Fairbanks,Fairbanks North Star,AK,99708,907-231-4722,907-335-6568,roxane@hotmail.com,http://www.rapidtradingintl.com
Lavera,Perin,678 3rd Ave,7/31/1986,Miami,Miami-Dade,FL,33196,305-606-7291,305-995-2078,lperin@perin.org,http://www.abcenterprisesinc.com
Erick,Ferencz,20 S Babcock St,12/29/1993,Fairbanks,Fairbanks North Star,AK,99712,907-741-1044,907-227-6777,erick.ferencz@aol.com,http://www.cindyturnerassociates.com
Fatima,Saylors,2 Lighthouse Ave,11/19/1997,Hopkins,Hennepin,MN,55343,952-768-2416,952-479-2375,fsaylors@saylors.org,http://www.stantonjamesdesq.com
Jina,Briddick,38938 Park Blvd,11/23/1970,Boston,Suffolk,MA,2128,617-399-5124,617-997-5771,jina_briddick@briddick.com,http://www.gracepastriesinc.com
Kanisha,Waycott,5 Tomahawk Dr,6/22/1997,Los Angeles,Los Angeles,CA,90006,323-453-2780,323-315-7314,kanisha_waycott@yahoo.com,http://www.schroergeneeesq.com
Emerson,Bowley,762 S Main St,9/16/2001,Madison,Dane,WI,53711,608-336-7444,608-658-7940,emerson.bowley@bowley.org,http://www.knightsinn.com
Blair,Malet,209 Decker Dr,3/25/2002,Philadelphia,Philadelphia,PA,19132,215-907-9111,215-794-4519,bmalet@yahoo.com,http://www.bollingermachshpshipyard.com
Brock,Bolognia,4486 W O St #1,8/11/1971,New York,New York,NY,10003,212-402-9216,212-617-5063,bbolognia@yahoo.com,http://www.orindanews.com
Lorrie,Nestle,39 S 7th St,3/21/1974,Tullahoma,Coffee,TN,37388,931-875-6644,931-303-6041,lnestle@hotmail.com,http://www.ballardspahrandrews.com
Sabra,Uyetake,98839 Hawthorne Blvd #6101,6/16/1983,Columbia,Richland,SC,29201,803-925-5213,803-681-3678,sabra@uyetake.org,http://www.lowylimousineservice.com
Marjory,Mastella,71 San Mateo Ave,1/06/2001,Wayne,Delaware,PA,19087,610-814-5533,610-379-7125,mmastella@mastella.com,http://www.viconcorporation.com
Karl,Klonowski,76 Brooks St #9,11/28/1979,Flemington,Hunterdon,NJ,8822,908-877-6135,908-470-4661,karl_klonowski@yahoo.com,http://www.rossimichaelm.com
Tonette,Wenner,4545 Courthouse Rd,7/07/1993,Westbury,Nassau,NY,11590,516-968-6051,516-333-4861,twenner@aol.com,http://www.northwestpublishing.com
Amber,Monarrez,14288 Foster Ave #4121,9/05/1985,Jenkintown,Montgomery,PA,19046,215-934-8655,215-329-6386,amber_monarrez@monarrez.org,http://www.branfordwiremfgco.com
Shenika,Seewald,4 Otis St,6/23/1971,Van Nuys,Los Angeles,CA,91405,818-423-4007,818-749-8650,shenika@gmail.com,http://www.eastcoastmarketing.com
Delmy,Ahle,65895 S 16th St,12/06/1986,Providence,Providence,RI,2909,401-458-2547,401-559-8961,delmy.ahle@hotmail.com,http://www.wyetechnologiesinc.com
Deeanna,Juhas,14302 Pennsylvania Ave,7/08/1994,Huntingdon Valley,Montgomery,PA,19006,215-211-9589,215-417-9563,deeanna_juhas@gmail.com,http://www.healygeorgewiv.com
Blondell,Pugh,201 Hawk Ct,6/13/1982,Providence,Providence,RI,2904,401-960-8259,401-300-8122,bpugh@aol.com,http://www.alpenliteinc.com
Jamal,Vanausdal,53075 Sw 152nd Ter #615,4/30/1990,Monroe Township,Middlesex,NJ,8831,732-234-1546,732-904-2931,jamal@vanausdal.org,http://www.hubbardbruceesq.com
Cecily,Hollack,59 N Groesbeck Hwy,2/06/2002,Austin,Travis,TX,78731,512-486-3817,512-861-3814,cecily@hollack.org,http://www.arthuraoliversoninc.com
Carmelina,Lindall,2664 Lewis Rd,12/24/1978,Littleton,Douglas,CO,80126,303-724-7371,303-874-5160,carmelina_lindall@lindall.com,http://www.georgejessopcarterjewelers.com
Maurine,Yglesias,59 Shady Ln #53,12/25/1995,Milwaukee,Milwaukee,WI,53214,414-748-1374,414-573-7719,maurine_yglesias@yglesias.com,http://www.schultzthomascmd.com
Tawna,Buvens,3305 Nabell Ave #679,8/05/1982,New York,New York,NY,10009,212-674-9610,212-462-9157,tawna@gmail.com,http://www.hhhenterprisesinc.com
Penney,Weight,18 Fountain St,9/13/1998,Anchorage,Anchorage,AK,99515,907-797-9628,907-873-2882,penney_weight@aol.com,http://www.hawaiiankinghotel.com
Elly,Morocco,7 W 32nd St,11/29/1995,Erie,Erie,PA,16502,814-393-5571,814-420-3553,elly_morocco@gmail.com,http://www.killionindustries.com
Ilene,Eroman,2853 S Central Expy,12/21/1976,Glen Burnie,Anne Arundel,MD,21061,410-914-9018,410-937-4543,ilene.eroman@hotmail.com,http://www.robinsonwilliamjesq.com
Vallie,Mondella,74 W College St,3/15/1979,Boise,Ada,ID,83707,208-862-5339,208-737-8439,vmondella@mondella.com,http://www.privateproperties.com
Kallie,Blackwood,701 S Harrison Rd,9/27/1982,San Francisco,San Francisco,CA,94104,415-315-2761,415-604-7609,kallie.blackwood@gmail.com,http://www.rowleyschlimgeninc.com
Johnetta,Abdallah,1088 Pinehurst St,12/13/1988,Chapel Hill,Orange,NC,27514,919-225-9345,919-715-3791,johnetta_abdallah@aol.com,http://www.forgingspecialties.com
Bobbye,Rhym,30 W 80th St #1995,9/14/1993,San Carlos,San Mateo,CA,94070,650-528-5783,650-811-9032,brhym@rhym.com,http://www.smitspatriciagarity.com
Micaela,Rhymes,20932 Hedley St,12/17/1985,Concord,Contra Costa,CA,94520,925-647-3298,925-522-7798,micaela_rhymes@gmail.com,http://www.hleeleonardattorneyatlaw.com
Tamar,Hoogland,2737 Pistorio Rd #9230,12/01/1980,London,Madison,OH,43140,740-343-8575,740-526-5410,tamar@hotmail.com,http://www.akconstructionco.com
Moon,Parlato,74989 Brandon St,5/11/1982,Wellsville,Allegany,NY,14895,585-866-8313,585-498-4278,moon@yahoo.com,http://www.ambelangjessicammd.com
Laurel,Reitler,6 Kains Ave,2/17/1997,Baltimore,Baltimore City,MD,21215,410-520-4832,410-957-6903,laurel_reitler@reitler.com,http://www.qaservice.com
Delisa,Crupi,47565 W Grand Ave,4/24/2001,Newark,Essex,NJ,7105,973-354-2040,973-847-9611,delisa.crupi@crupi.com,http://www.woodwhitacrecontractors.com
Viva,Toelkes,4284 Dorigo Ln,4/16/1985,Chicago,Cook,IL,60647,773-446-5569,773-352-3437,viva.toelkes@gmail.com,http://www.markivpressltd.com
Elza,Lipke,6794 Lake Dr E,2/20/1982,Newark,Essex,NJ,7104,973-927-3447,973-796-3667,elza@yahoo.com,http://www.museumofscienceindustry.com
Devorah,Chickering,31 Douglas Blvd #950,6/04/1973,Clovis,Curry,NM,88101,505-975-8559,505-950-1763,devorah@hotmail.com,http://www.garrisonind.com
Timothy,Mulqueen,44 W 4th St,4/16/1994,Staten Island,Richmond,NY,10309,718-332-6527,718-654-7063,timothy_mulqueen@mulqueen.org,http://www.saronixnymphproducts.com
Arlette,Honeywell,11279 Loytan St,2/05/2001,Jacksonville,Duval,FL,32254,904-775-4480,904-514-9918,ahoneywell@honeywell.com,http://www.smcinc.com
Dominque,Dickerson,69 Marquette Ave,9/07/1984,Hayward,Alameda,CA,94545,510-993-3758,510-901-7640,dominque.dickerson@dickerson.org,http://www.eaielectronicassocsinc.com
Lettie,Isenhower,70 W Main St,4/01/1986,Beachwood,Cuyahoga,OH,44122,216-657-7668,216-733-8494,lettie_isenhower@yahoo.com,http://www.contechristopheraesq.com
Myra,Munns,461 Prospect Pl #316,8/02/1980,Euless,Tarrant,TX,76040,817-914-7518,817-451-3518,mmunns@cox.net,http://www.ankerlawoffice.com
Stephaine,Barfield,47154 Whipple Ave Nw,2/24/2002,Gardena,Los Angeles,CA,90247,310-774-7643,310-968-1219,stephaine@barfield.com,http://www.beutelschiescompany.com
Lai,Gato,37 Alabama Ave,6/25/1983,Evanston,Cook,IL,60201,847-728-7286,847-957-4614,lai.gato@gato.org,http://www.fliggkennethijr.com
Stephen,Emigh,3777 E Richmond St #900,1/18/2000,Akron,Summit,OH,44302,330-537-5358,330-700-2312,stephen_emigh@hotmail.com,http://www.sharpjdanielesq.com
Tyra,Shields,3 Fort Worth Ave,3/10/2001,Philadelphia,Philadelphia,PA,19106,215-255-1641,215-228-8264,tshields@gmail.com,http://www.assinkannehesq.com
Tammara,Wardrip,4800 Black Horse Pike,9/03/1978,Burlingame,San Mateo,CA,94010,650-803-1936,650-216-5075,twardrip@cox.net,http://www.jewelmyshopinc.com
Cory,Gibes,83649 W Belmont Ave,10/23/1973,San Gabriel,Los Angeles,CA,91776,626-572-1096,626-696-2777,cory.gibes@gmail.com,http://www.chinesetranslationresources.com
Danica,Bruschke,840 15th Ave,3/23/1996,Waco,McLennan,TX,76708,254-782-8569,254-205-1422,danica_bruschke@gmail.com,http://www.stevenscharlest.com
Wilda,Giguere,1747 Calle Amanecer #2,6/01/1973,Anchorage,Anchorage,AK,99501,907-870-5536,907-914-9482,wilda@cox.net,http://www.mclaughlinlutherwcpa.com
Elvera,Benimadho,99385 Charity St #840,11/15/1972,San Jose,Santa Clara,CA,95110,408-703-8505,408-440-8447,elvera.benimadho@cox.net,http://www.treemusketeers.com
Carma,Vanheusen,68556 Central Hwy,10/31/1982,San Leandro,Alameda,CA,94577,510-503-7169,510-452-4835,carma@cox.net,http://www.springfielddivohedisonco.com
Malinda,Hochard,55 Riverside Ave,4/05/1981,Indianapolis,Marion,IN,46202,317-722-5066,317-472-2412,malinda.hochard@yahoo.com,http://www.loganmemorialhospital.com
Natalie,Fern,7140 University Ave,12/05/1987,Rock Springs,Sweetwater,WY,82901,307-704-8713,307-279-3793,natalie.fern@hotmail.com,http://www.kellycharlesgesq.com
Lisha,Centini,64 5th Ave #1153,6/14/1987,Mc Lean,Fairfax,VA,22102,703-235-3937,703-475-7568,lisha@centini.org,http://www.industrialpapershreddersinc.com
Arlene,Klusman,3 Secor Rd,5/07/1987,New Orleans,Orleans,LA,70112,504-710-5840,504-946-1807,arlene_klusman@gmail.com,http://www.beckhorizonbuilders.com
Alease,Buemi,4 Webbs Chapel Rd,2/25/1987,Boulder,Boulder,CO,80303,303-301-4946,303-521-9860,alease@buemi.com,http://www.portocayoathawkscay.com
Louisa,Cronauer,524 Louisiana Ave Nw,5/20/1982,San Leandro,Alameda,CA,94577,510-828-7047,510-472-7758,louisa@cronauer.com,http://www.pacificgrovemuseumntrlhist.com
Angella,Cetta,185 Blackstone Bldge,3/29/1973,Honolulu,Honolulu,HI,96817,808-892-7943,808-475-2310,angella.cetta@hotmail.com,http://www.benderhatleypc.com
Cyndy,Goldammer,170 Wyoming Ave,6/15/1994,Burnsville,Dakota,MN,55337,952-334-9408,952-938-9457,cgoldammer@cox.net,http://www.dicristinajson.com
Rosio,Cork,4 10th St W,10/16/1974,High Point,Guilford,NC,27263,336-243-5659,336-497-4407,rosio.cork@gmail.com,http://www.greengoddess.com
Celeste,Korando,7 W Pinhook Rd,7/14/1980,Lynbrook,Nassau,NY,11563,516-509-2347,516-365-7266,ckorando@hotmail.com,http://www.americanartsgraphics.com
Twana,Felger,1 Commerce Way,7/20/1990,Portland,Washington,OR,97224,503-939-3153,503-909-7167,twana.felger@felger.org,http://www.oprylandhotel.com
Estrella,Samu,64 Lakeview Ave,10/09/1984,Beloit,Rock,WI,53511,608-976-7199,608-942-8836,estrella@aol.com,http://www.markingdevicespubgco.com
Donte,Kines,3 Aspen St,12/14/1974,Worcester,Worcester,MA,1602,508-429-8576,508-843-1426,dkines@hotmail.com,http://www.wtcindustriesinc.com
Tiffiny,Steffensmeier,32860 Sierra Rd,7/27/1985,Miami,Miami-Dade,FL,33133,305-385-9695,305-304-6573,tiffiny_steffensmeier@cox.net,http://www.whitehallrobbinslabsdivsn.com
Edna,Miceli,555 Main St,2/24/1987,Erie,Erie,PA,16502,814-460-2655,814-299-2877,emiceli@miceli.org,http://www.sampler.com
Sue,Kownacki,2 Se 3rd Ave,10/24/1970,Mesquite,Dallas,TX,75149,972-666-3413,972-742-4000,sue@aol.com,http://www.junochefsincorporated.com
Jesusa,Shin,2239 Shawnee Mission Pky,6/03/1971,Tullahoma,Coffee,TN,37388,931-273-8709,931-739-1551,jshin@shin.com,http://www.carroccioathomasesq.com
Rolland,Francescon,2726 Charcot Ave,7/22/1983,Paterson,Passaic,NJ,7501,973-649-2922,973-284-4048,rolland@cox.net,http://www.stanleyrichardlesq.com
Pamella,Schmierer,5161 Dorsett Rd,9/07/1983,Homestead,Miami-Dade,FL,33030,305-420-8970,305-575-8481,pamella.schmierer@schmierer.org,http://www.kcscstmmouldingswindows.com
Glory,Kulzer,55892 Jacksonville Rd,5/14/1999,Owings Mills,Baltimore,MD,21117,410-224-9462,410-916-8015,gkulzer@kulzer.org,http://www.comfortinn.com
Shawna,Palaspas,5 N Cleveland Massillon Rd,7/05/1994,Thousand Oaks,Ventura,CA,91362,805-275-3566,805-638-6617,shawna_palaspas@palaspas.org,http://www.windsorjameslesq.com
Brandon,Callaro,7 Benton Dr,11/04/1980,Honolulu,Honolulu,HI,96819,808-215-6832,808-240-5168,brandon_callaro@hotmail.com,http://www.jacksonshieldsyeiser.com
Scarlet,Cartan,9390 S Howell Ave,7/26/1994,Albany,Dougherty,GA,31701,229-735-3378,229-365-9658,scarlet.cartan@yahoo.com,http://www.boxjcalvinesq.com
Oretha,Menter,8 County Center Dr #647,1/21/1989,Boston,Suffolk,MA,2210,617-418-5043,617-697-6024,oretha_menter@yahoo.com,http://www.customengineeringinc.com
Ty,Smith,4646 Kaahumanu St,5/03/1981,Hackensack,Bergen,NJ,7601,201-672-1553,201-995-3149,tsmith@aol.com,http://www.breslereitelframggllryltd.com
Xuan,Rochin,2 Monroe St,5/26/1990,San Mateo,San Mateo,CA,94403,650-933-5072,650-247-2625,xuan@gmail.com,http://www.caroldrakesparksesq.com
Lindsey,Dilello,52777 Leaders Heights Rd,1/05/1996,Ontario,San Bernardino,CA,91761,909-639-9887,909-589-1693,lindsey.dilello@hotmail.com,http://www.biltmoreinvestorsbank.com
Devora,Perez,72868 Blackington Ave,9/30/1985,Oakland,Alameda,CA,94606,510-955-3016,510-755-9274,devora_perez@perez.org,http://www.descoequipmentcorp.com
Herman,Demesa,9 Norristown Rd,3/07/1997,Troy,Rensselaer,NY,12180,518-497-2940,518-931-7852,hdemesa@cox.net,http://www.merlinelectricco.com
Rory,Papasergi,83 County Road 437 #8581,1/25/1978,Clarks Summit,Lackawanna,PA,18411,570-867-7489,570-469-8401,rpapasergi@cox.net,http://www.baileycntlcodivbabcock.com
Talia,Riopelle,1 N Harlem Ave #9,11/29/1994,Orange,Essex,NJ,7050,973-245-2133,973-818-9788,talia_riopelle@aol.com,http://www.fordbrotherswholesaleinc.com
Van,Shire,90131 J St,6/26/1975,Pittstown,Hunterdon,NJ,8867,908-409-2890,908-448-1209,van.shire@shire.com,http://www.cambridgeinn.com
Lucina,Lary,8597 W National Ave,10/23/2001,Cocoa,Brevard,FL,32922,321-749-4981,321-632-4668,lucina_lary@cox.net,http://www.matriccianialbertjjr.com
Bok,Isaacs,6 Gilson St,12/03/2001,Bronx,Bronx,NY,10468,718-809-3762,718-478-8568,bok.isaacs@aol.com,http://www.nelsonhawaiianltd.com
Rolande,Spickerman,65 W Maple Ave,12/04/1990,Pearl City,Honolulu,HI,96782,808-315-3077,808-526-5863,rolande.spickerman@spickerman.com,http://www.nelandtravelagency.com
Howard,Paulas,866 34th Ave,9/20/1987,Denver,Denver,CO,80231,303-623-4241,303-692-3118,hpaulas@gmail.com,http://www.asendorfjalanesq.com
Kimbery,Madarang,798 Lund Farm Way,5/22/1995,Rockaway,Morris,NJ,7866,973-310-1634,973-225-6259,kimbery_madarang@cox.net,http://www.silbermanarthurlesq.com
Thurman,Manno,9387 Charcot Ave,7/13/2000,Absecon,Atlantic,NJ,8201,609-524-3586,609-234-8376,thurman.manno@yahoo.com,http://www.honeybeebreedinggenetics.com
Becky,Mirafuentes,30553 Washington Rd,6/11/1988,Plainfield,Union,NJ,7062,908-877-8409,908-426-8272,becky.mirafuentes@mirafuentes.com,http://www.wellskravitzschnitzer.com
Beatriz,Corrington,481 W Lemon St,7/31/1995,Middleboro,Plymouth,MA,2346,508-584-4279,508-315-3867,beatriz@yahoo.com,http://www.prohabrehabilitationservs.com
Marti,Maybury,4 Warehouse Point Rd #7,8/17/1990,Chicago,Cook,IL,60638,773-775-4522,773-539-1058,marti.maybury@yahoo.com,http://www.eldridgekristinkesq.com
Nieves,Gotter,4940 Pulaski Park Dr,6/24/1979,Portland,Multnomah,OR,97202,503-527-5274,503-455-3094,nieves_gotter@gmail.com,http://www.vlahosjohnjesq.com
Leatha,Hagele,627 Walford Ave,5/03/1975,Dallas,Dallas,TX,75227,214-339-1809,214-225-5850,lhagele@cox.net,http://www.ninasindiangrsvideos.com
Valentin,Klimek,137 Pioneer Way,4/08/1978,Chicago,Cook,IL,60604,312-303-5453,312-512-2338,vklimek@klimek.org,http://www.schmidgayannekesq.com
Melissa,Wiklund,61 13 Stoneridge #835,8/17/1981,Findlay,Hancock,OH,45840,419-939-3613,419-254-4591,melissa@cox.net,http://www.moapavalleyfederalcreditun.com
Sheridan,Zane,2409 Alabama Rd,4/07/1985,Riverside,Riverside,CA,92501,951-645-3605,951-248-6822,sheridan.zane@zane.com,http://www.kentuckytennesseeclayco.com
Bulah,Padilla,8927 Vandever Ave,5/04/1989,Waco,McLennan,TX,76707,254-463-4368,254-816-8417,bulah_padilla@hotmail.com,http://www.admiralpartyrentalssales.com
Audra,Kohnert,134 Lewis Rd,11/12/1996,Nashville,Davidson,TN,37211,615-406-7854,615-448-9249,audra@kohnert.com,http://www.nelsonkarolynkingesq.com
Daren,Weirather,9 N College Ave #3,6/22/1988,Milwaukee,Milwaukee,WI,53216,414-959-2540,414-838-3151,dweirather@aol.com,http://www.panasystems.com
Fernanda,Jillson,60480 Old Us Highway 51,8/23/1981,Preston,Caroline,MD,21655,410-387-5260,410-724-6472,fjillson@aol.com,http://www.shankedwardlesq.com
Gearldine,Gellinger,4 Bloomfield Ave,1/16/1986,Irving,Dallas,TX,75061,972-934-6914,972-821-7118,gearldine_gellinger@gellinger.com,http://www.megibowedwards.com
Chau,Kitzman,429 Tiger Ln,9/06/1974,Beverly Hills,Los Angeles,CA,90212,310-560-8022,310-969-7230,chau@gmail.com,http://www.benoffedwardesq.com
Theola,Frey,54169 N Main St,11/12/1981,Massapequa,Nassau,NY,11758,516-948-5768,516-357-3362,theola_frey@frey.com,http://www.woodbridgefreepubliclibrary.com
Cheryl,Haroldson,92 Main St,12/10/1991,Atlantic City,Atlantic,NJ,8401,609-518-7697,609-263-9243,cheryl@haroldson.org,http://www.newyorklifejohnthune.com
Laticia,Merced,72 Mannix Dr,4/07/1986,Cincinnati,Hamilton,OH,45203,513-508-7371,513-418-1566,lmerced@gmail.com,http://www.alinabalinc.com
Carissa,Batman,12270 Caton Center Dr,10/21/1987,Eugene,Lane,OR,97401,541-326-4074,541-801-5717,carissa.batman@yahoo.com,http://www.polettokimdavidesq.com
Lezlie,Craghead,749 W 18th St #45,5/14/1988,Smithfield,Johnston,NC,27577,919-533-3762,919-885-2453,lezlie.craghead@craghead.org,http://www.changcarolynesq.com
Ozell,Shealy,8 Industry Ln,10/15/1993,New York,New York,NY,10002,212-332-8435,212-880-8865,oshealy@hotmail.com,http://www.silverbrosinc.com
Arminda,Parvis,1 Huntwood Ave,1/19/1984,Phoenix,Maricopa,AZ,85017,602-906-9419,602-277-3025,arminda@parvis.com,http://www.newtecinc.com
Reita,Leto,55262 N French Rd,9/25/2001,Indianapolis,Marion,IN,46240,317-234-1135,317-787-5514,reita.leto@gmail.com,http://www.creativebusinesssystems.com
Yolando,Luczki,422 E 21st St,11/20/1981,Syracuse,Onondaga,NY,13214,315-304-4759,315-640-6357,yolando@cox.net,http://www.daltilecorporation.com
Lizette,Stem,501 N 19th Ave,7/28/1998,Cherry Hill,Camden,NJ,8002,856-487-5412,856-702-3676,lizette.stem@aol.com,http://www.edwardskatz.com
Gregoria,Pawlowicz,455 N Main Ave,2/21/1999,Garden City,Nassau,NY,11530,516-212-1915,516-376-4230,gpawlowicz@yahoo.com,http://www.ohmygoodknitsinc.com
Carin,Deleo,1844 Southern Blvd,8/04/1981,Little Rock,Pulaski,AR,72202,501-308-1040,501-409-6072,cdeleo@deleo.com,http://www.redekerdebbie.com
Chantell,Maynerich,2023 Greg St,4/09/1995,Saint Paul,Ramsey,MN,55101,651-591-2583,651-776-9688,chantell@yahoo.com,http://www.desertsandsmotel.com
Dierdre,Yum,63381 Jenks Ave,8/22/1993,Philadelphia,Philadelphia,PA,19134,215-325-3042,215-346-4666,dyum@yahoo.com,http://www.cumminssouthernplainsinc.com
Larae,Gudroe,6651 Municipal Rd,10/29/1993,Houma,Terrebonne,LA,70360,985-890-7262,985-261-5783,larae_gudroe@gmail.com,http://www.lehighfurndivsnlehigh.com
Latrice,Tolfree,81 Norris Ave #525,1/04/1977,Ronkonkoma,Suffolk,NY,11779,631-957-7624,631-998-2102,latrice.tolfree@hotmail.com,http://www.unitedvanlinesagent.com
Kerry,Theodorov,6916 W Main St,10/24/1978,Sacramento,Sacramento,CA,95827,916-591-3277,916-770-7448,kerry.theodorov@gmail.com,http://www.capitolreporters.com
Dorthy,Hidvegi,9635 S Main St,8/19/1971,Boise,Ada,ID,83704,208-649-2373,208-690-3315,dhidvegi@yahoo.com,http://www.kwikkopyprinting.com
Fannie,Lungren,17 Us Highway 111,7/02/1988,Round Rock,Williamson,TX,78664,512-587-5746,512-528-9933,fannie.lungren@yahoo.com,http://www.centroinc.com
Evangelina,Radde,992 Civic Center Dr,1/05/1985,Philadelphia,Philadelphia,PA,19123,215-964-3284,215-417-5612,evangelina@aol.com,http://www.campbelljanesq.com
Novella,Degroot,303 N Radcliffe St,2/05/1978,Hilo,Hawaii,HI,96720,808-477-4775,808-746-1865,novella_degroot@degroot.org,http://www.evansckellyesq.com
Clay,Hoa,73 Saint Ann St #86,6/24/1986,Reno,Washoe,NV,89502,775-501-8109,775-848-9135,choa@hoa.org,http://www.scatenterprises.com
Jennifer,Fallick,44 58th St,9/26/1973,Wheeling,Cook,IL,60090,847-979-9545,847-800-3054,jfallick@yahoo.com,http://www.nagledanieljesq.com
Irma,Wolfgramm,9745 W Main St,1/17/2000,Randolph,Morris,NJ,7869,973-545-7355,973-868-8660,irma.wolfgramm@hotmail.com,http://www.serendiquitybedbreakfast.com
Eun,Coody,84 Bloomfield Ave,3/01/1991,Spartanburg,Spartanburg,SC,29301,864-256-3620,864-594-4578,eun@yahoo.com,http://www.raycarolynerealty.com
Sylvia,Cousey,287 Youngstown Warren Rd,10/21/1989,Hampstead,Carroll,MD,21074,410-209-9545,410-863-8263,sylvia_cousey@cousey.org,http://www.bergcharlese.com
Nana,Wrinkles,6 Van Buren St,2/27/1980,Mount Vernon,Westchester,NY,10553,914-855-2115,914-796-3775,nana@aol.com,http://www.raymilbernd.com
Layla,Springe,229 N Forty Driv,2/23/1992,New York,New York,NY,10011,212-260-3151,212-253-7448,layla.springe@cox.net,http://www.chaddsfordwinery.com
Joesph,Degonia,2887 Knowlton St #5435,1/24/1981,Berkeley,Alameda,CA,94710,510-677-9785,510-942-5916,joesph_degonia@degonia.org,http://www.arpackaging.com
Annabelle,Boord,523 Marquette Ave,8/12/1981,Concord,Middlesex,MA,1742,978-697-6263,978-289-7717,annabelle.boord@cox.net,http://www.cornpopper.com
Stephaine,Vinning,3717 Hamann Industrial Pky,3/18/1977,San Francisco,San Francisco,CA,94104,415-767-6596,415-712-9530,stephaine@cox.net,http://www.biritefoodservicedistr.com
Nelida,Sawchuk,3 State Route 35 S,1/26/1988,Paramus,Bergen,NJ,7652,201-971-1638,201-247-8925,nelida@gmail.com,http://www.anchoragemuseumofhistart.com
Marguerita,Hiatt,82 N Highway 67,4/22/1999,Oakley,Contra Costa,CA,94561,925-634-7158,925-541-8521,marguerita.hiatt@gmail.com,http://www.habergeorgedmd.com
Carmela,Cookey,9 Murfreesboro Rd,6/27/1990,Chicago,Cook,IL,60623,773-494-4195,773-297-9391,ccookey@cookey.org,http://www.royalpontiacoldsinc.com
Junita,Brideau,6 S Broadway St,8/31/1976,Cedar Grove,Essex,NJ,7009,973-943-3423,973-582-5469,jbrideau@aol.com,http://www.leonardsantiquesinc.com
Claribel,Varriano,6 Harry L Dr #6327,2/21/1977,Perrysburg,Wood,OH,43551,419-544-4900,419-573-2033,claribel_varriano@cox.net,http://www.meca.com
Benton,Skursky,47939 Porter Ave,12/11/1983,Gardena,Los Angeles,CA,90248,310-579-2907,310-694-8466,benton.skursky@aol.com,http://www.nerconengineeringmfginc.com
Hillary,Skulski,9 Wales Rd Ne #914,4/03/1986,Homosassa,Citrus,FL,34448,352-242-2570,352-990-5946,hillary.skulski@aol.com,http://www.replicai.com
Merilyn,Bayless,195 13n N,3/22/2002,Santa Clara,Santa Clara,CA,95054,408-758-5015,408-346-2180,merilyn_bayless@cox.net,http://www.printinginc.com
Teri,Ennaco,99 Tank Farm Rd,1/06/1986,Hazleton,Luzerne,PA,18201,570-889-5187,570-355-1665,tennaco@gmail.com,http://www.publishersgroupwest.com
Merlyn,Lawler,4671 Alemany Blvd,5/02/1999,Jersey City,Hudson,NJ,7304,201-588-7810,201-858-9960,merlyn_lawler@hotmail.com,http://www.nischwitzjeffreylesq.com
Georgene,Montezuma,98 University Dr,11/22/1979,San Ramon,Contra Costa,CA,94583,925-615-5185,925-943-3449,gmontezuma@cox.net,http://www.paynebladeswellbornpa.com
Jettie,Mconnell,50 E Wacker Dr,2/05/1973,Bridgewater,Somerset,NJ,8807,908-802-3564,908-602-5258,jmconnell@hotmail.com,http://www.coldwellbnkrwrightrealest.com
Lemuel,Latzke,70 Euclid Ave #722,4/02/1975,Bohemia,Suffolk,NY,11716,631-748-6479,631-291-4976,lemuel.latzke@gmail.com,http://www.computerrepairservice.com
Melodie,Knipp,326 E Main St #6496,9/12/1976,Thousand Oaks,Ventura,CA,91362,805-690-1682,805-810-8964,mknipp@gmail.com,http://www.fleetwoodbuildingblockinc.com
Candida,Corbley,406 Main St,9/25/1977,Somerville,Somerset,NJ,8876,908-275-8357,908-943-6103,candida_corbley@hotmail.com,http://www.coltsneckmedicalassocsinc.com
Karan,Karpin,3 Elmwood Dr,7/28/1984,Beaverton,Washington,OR,97005,503-940-8327,503-707-5812,karan_karpin@gmail.com,http://www.newenglandtaxidermy.com
Andra,Scheyer,9 Church St,8/06/1979,Salem,Marion,OR,97302,503-516-2189,503-950-3068,andra@gmail.com,http://www.ludckegeorgeoesq.com
Felicidad,Poullion,9939 N 14th St,7/20/1975,Riverton,Burlington,NJ,8077,856-305-9731,856-828-6021,fpoullion@poullion.com,http://www.mccorkletomsesq.com
Belen,Strassner,5384 Southwyck Blvd,11/21/1990,Douglasville,Douglas,GA,30135,770-507-8791,770-802-4003,belen_strassner@aol.com,http://www.eaglesoftwareinc.com
Gracia,Melnyk,97 Airport Loop Dr,2/22/1991,Jacksonville,Duval,FL,32216,904-235-3633,904-627-4341,gracia@melnyk.com,http://www.juvenileadultsuper.com
Jolanda,Hanafan,37855 Nolan Rd,10/17/1984,Bangor,Penobscot,ME,4401,207-458-9196,207-233-6185,jhanafan@gmail.com,http://www.perezjosephjesq.com
Barrett,Toyama,4252 N Washington Ave #9,6/16/1995,Kennedale,Tarrant,TX,76060,817-765-5781,817-577-6151,barrett.toyama@toyama.org,http://www.casefoundationco.com
Helga,Fredicks,42754 S Ash Ave,11/07/2000,Buffalo,Erie,NY,14228,716-752-4114,716-854-9845,helga_fredicks@yahoo.com,http://www.eisenvironmentalengrsinc.com
Ashlyn,Pinilla,703 Beville Rd,8/28/1995,Opa Locka,Miami-Dade,FL,33054,305-670-9628,305-857-5489,apinilla@cox.net,http://www.artcrafters.com
Fausto,Agramonte,5 Harrison Rd,2/13/1972,New York,New York,NY,10038,212-313-1783,212-778-3063,fausto_agramonte@yahoo.com,http://www.marriotthotelsresortssuites.com
Ronny,Caiafa,73 Southern Blvd,9/18/1981,Philadelphia,Philadelphia,PA,19103,215-605-7570,215-511-3531,ronny.caiafa@caiafa.org,http://www.remacoinc.com
Marge,Limmel,189 Village Park Rd,8/27/1971,Crestview,Okaloosa,FL,32536,850-430-1663,850-330-8079,marge@gmail.com,http://www.bjorkrobertdjr.com
Norah,Waymire,6 Middlegate Rd #106,9/19/1985,San Francisco,San Francisco,CA,94107,415-306-7897,415-874-2984,norah.waymire@gmail.com,http://www.carmichaeljefferylesq.com
Aliza,Baltimore,1128 Delaware St,9/15/1978,San Jose,Santa Clara,CA,95132,408-504-3552,408-425-1994,aliza@aol.com,http://www.andrewsjrobertesq.com
Mozell,Pelkowski,577 Parade St,3/10/1973,South San Francisco,San Mateo,CA,94080,650-947-1215,650-960-1069,mpelkowski@pelkowski.org,http://www.winshipbyrne.com
Viola,Bitsuie,70 Mechanic St,6/30/1987,Northridge,Los Angeles,CA,91325,818-864-4875,818-481-5787,viola@gmail.com,http://www.burtondavis.com
Franklyn,Emard,4379 Highway 116,5/12/1980,Philadelphia,Philadelphia,PA,19103,215-558-8189,215-483-3003,femard@emard.com,http://www.olympicgraphicarts.com
Willodean,Konopacki,55 Hawthorne Blvd,1/14/1981,Lafayette,Lafayette,LA,70506,337-253-8384,337-774-7564,willodean_konopacki@konopacki.org,http://www.magnuson.com
Beckie,Silvestrini,7116 Western Ave,4/30/1983,Dearborn,Wayne,MI,48126,313-533-4884,313-390-7855,beckie.silvestrini@silvestrini.com,http://www.aallamericantravelinc.com
Rebecka,Gesick,2026 N Plankinton Ave #3,10/05/1990,Austin,Travis,TX,78754,512-213-8574,512-693-8345,rgesick@gesick.org,http://www.polykoteinc.com
Frederica,Blunk,99586 Main St,3/19/1984,Dallas,Dallas,TX,75207,214-428-2285,214-529-1949,frederica_blunk@gmail.com,http://www.jetscybernetics.com
Glen,Bartolet,8739 Hudson St,7/11/1976,Vashon,King,WA,98070,206-697-5796,206-389-1482,glen_bartolet@hotmail.com,http://www.metlabtestingservices.com
Freeman,Gochal,383 Gunderman Rd #197,10/07/1994,Coatesville,Chester,PA,19320,610-476-3501,610-752-2683,freeman_gochal@aol.com,http://www.kellermannwilliamtesq.com
Vincent,Meinerding,4441 Point Term Mkt,8/17/1982,Philadelphia,Philadelphia,PA,19143,215-372-1718,215-829-4221,vincent.meinerding@hotmail.com,http://www.arturipeterdesq.com
Rima,Bevelacqua,2972 Lafayette Ave,10/20/1984,Gardena,Los Angeles,CA,90248,310-858-5079,310-499-4200,rima@cox.net,http://www.mcauleymfgco.com
Glendora,Sarbacher,2140 Diamond Blvd,10/08/1982,Rohnert Park,Sonoma,CA,94928,707-653-8214,707-881-3154,gsarbacher@gmail.com,http://www.defurvoranhanleyradcliff.com
Avery,Steier,93 Redmond Rd #492,3/10/1981,Orlando,Orange,FL,32803,407-808-9439,407-945-8566,avery@cox.net,http://www.dilldillcarrstonbrakerpc.com
Cristy,Lother,3989 Portage Tr,10/02/1989,Escondido,San Diego,CA,92025,760-971-4322,760-465-4762,cristy@lother.com,http://www.kleensteel.com
Nicolette,Brossart,1 Midway Rd,4/02/1990,Westborough,Worcester,MA,1581,508-837-9230,508-504-6388,nicolette_brossart@brossart.com,http://www.gouldspumpsincslurrypump.com
Tracey,Modzelewski,77132 Coon Rapids Blvd Nw,4/29/1982,Conroe,Montgomery,TX,77301,936-264-9294,936-988-8171,tracey@hotmail.com,http://www.kansascityinsurancereport.com
Virgina,Tegarden,755 Harbor Way,8/03/1987,Milwaukee,Milwaukee,WI,53226,414-214-8697,414-411-5744,virgina_tegarden@tegarden.com,http://www.berhanuinternationalfoods.com
Tiera,Frankel,87 Sierra Rd,6/30/1983,El Monte,Los Angeles,CA,91731,626-636-4117,626-638-4241,tfrankel@aol.com,http://www.rolandashcroft.com
Alaine,Bergesen,7667 S Hulen St #42,5/23/1990,Yonkers,Westchester,NY,10701,914-300-9193,914-654-1426,alaine_bergesen@cox.net,http://www.hispanicmagazine.com
Earleen,Mai,75684 S Withlapopka Dr #32,3/16/2000,Dallas,Dallas,TX,75227,214-289-1973,214-785-6750,earleen_mai@cox.net,http://www.littlesheetmetalco.com
Leonida,Gobern,5 Elmwood Park Blvd,8/24/2000,Biloxi,Harrison,MS,39530,228-235-5615,228-432-4635,leonida@gobern.org,http://www.holmesarmsteadjesq.com
Ressie,Auffrey,23 Palo Alto Sq,8/15/1993,Miami,Miami-Dade,FL,33134,305-604-8981,305-287-4743,ressie.auffrey@yahoo.com,http://www.fawjamesccpa.com
Justine,Mugnolo,38062 E Main St,4/03/1981,New York,New York,NY,10048,212-304-9225,212-311-6377,jmugnolo@yahoo.com,http://www.evansrulecompany.com
Eladia,Saulter,3958 S Dupont Hwy #7,11/20/1989,Ramsey,Bergen,NJ,7446,201-474-4924,201-365-8698,eladia@saulter.com,http://www.tyeeproductionsinc.com
Chaya,Malvin,560 Civic Center Dr,3/05/1997,Ann Arbor,Washtenaw,MI,48103,734-928-5182,734-408-8174,chaya@malvin.com,http://www.dunnellsduvall.com
Gwenn,Suffield,3270 Dequindre Rd,7/27/1981,Deer Park,Suffolk,NY,11729,631-258-6558,631-295-9879,gwenn_suffield@suffield.org,http://www.deltamsystemsinc.com
Salena,Karpel,1 Garfield Ave #7,9/27/1983,Canton,Stark,OH,44707,330-791-8557,330-618-2579,skarpel@cox.net,http://www.hammillmfgco.com
Yoko,Fishburne,9122 Carpenter Ave,7/14/1987,New Haven,New Haven,CT,6511,203-506-4706,203-840-8634,yoko@fishburne.com,http://www.samscornerstore.com
Taryn,Moyd,48 Lenox St,5/08/1972,Fairfax,Fairfax City,VA,22030,703-322-4041,703-938-7939,taryn.moyd@hotmail.com,http://www.siskinmarkjesq.com
Katina,Polidori,5 Little River Tpke,1/02/2000,Wilmington,Middlesex,MA,1887,978-626-2978,978-679-7429,katina_polidori@aol.com,http://www.capeassociatesrealestate.com
Rickie,Plumer,3 N Groesbeck Hwy,10/19/1981,Toledo,Lucas,OH,43613,419-693-1334,419-313-5571,rickie.plumer@aol.com,http://www.merrilllynch.com
Alex,Loader,37 N Elm St #916,6/20/2001,Tacoma,Pierce,WA,98409,253-660-7821,253-875-9222,alex@loader.com,http://www.sublettscottesq.com
Lashon,Vizarro,433 Westminster Blvd #590,7/19/1994,Roseville,Placer,CA,95661,916-741-7884,916-289-4526,lashon@aol.com,http://www.sentrysigns.com
Lauran,Burnard,66697 Park Pl #3224,6/10/1970,Riverton,Fremont,WY,82501,307-342-7795,307-453-7589,lburnard@burnard.com,http://www.professionalsunlimited.com
Ceola,Setter,96263 Greenwood Pl,9/19/1991,Warren,Knox,ME,4864,207-627-7565,207-297-5029,ceola.setter@setter.org,http://www.southernsteelshelvingco.com
My,Rantanen,8 Mcarthur Ln,12/16/1976,Richboro,Bucks,PA,18954,215-491-5633,215-647-2158,my@hotmail.com,http://www.boscopaulj.com
Lorrine,Worlds,8 Fair Lawn Ave,1/13/1975,Tampa,Hillsborough,FL,33614,813-769-2939,813-863-6467,lorrine.worlds@worlds.com,http://www.longonicholasjesq.com
Peggie,Sturiale,9 N 14th St,12/27/1971,El Cajon,San Diego,CA,92020,619-608-1763,619-695-8086,peggie@cox.net,http://www.henrycountymiddleschool.com
Marvel,Raymo,9 Vanowen St,11/10/1997,College Station,Brazos,TX,77840,979-718-8968,979-809-5770,mraymo@yahoo.com,http://www.edisonsupplyequipmentco.com
Daron,Dinos,18 Waterloo Geneva Rd,2/08/2002,Highland Park,Lake,IL,60035,847-233-3075,847-265-6609,daron_dinos@cox.net,http://www.wolfwarrenresq.com
An,Fritz,506 S Hacienda Dr,5/25/1983,Atlantic City,Atlantic,NJ,8401,609-228-5265,609-854-7156,an_fritz@hotmail.com,http://www.linguisticsystemsinc.com
Portia,Stimmel,3732 Sherman Ave,8/29/1998,Bridgewater,Somerset,NJ,8807,908-722-7128,908-670-4712,portia.stimmel@aol.com,http://www.peacechristiancenter.com
Rhea,Aredondo,25657 Live Oak St,6/04/1999,Brooklyn,Kings,NY,11226,718-560-9537,718-280-4183,rhea_aredondo@cox.net,http://www.doublebfoodsinc.com
Benedict,Sama,4923 Carey Ave,2/04/1988,Saint Louis,Saint Louis City,MO,63104,314-787-1588,314-858-4832,bsama@cox.net,http://www.alexanderalexanderinc.com
Alyce,Arias,3196 S Rider Trl,6/26/1998,Stockton,San Joaquin,CA,95207,209-317-1801,209-242-7022,alyce@arias.org,http://www.fairbanksscales.com
Heike,Berganza,3 Railway Ave #75,1/29/1978,Little Falls,Passaic,NJ,7424,973-936-5095,973-822-8827,heike@gmail.com,http://www.calisportswearcuttingdept.com
Carey,Dopico,87393 E Highland Rd,2/21/1998,Indianapolis,Marion,IN,46220,317-578-2453,317-441-5848,carey_dopico@dopico.org,http://www.garofanijohnesq.com
Dottie,Hellickson,67 E Chestnut Hill Rd,11/08/1996,Seattle,King,WA,98133,206-540-6076,206-295-5631,dottie@hellickson.org,http://www.thompsonfabricatingco.com
Deandrea,Hughey,33 Lewis Rd #46,5/02/1996,Burlington,Alamance,NC,27215,336-822-7652,336-467-3095,deandrea@yahoo.com,http://www.centurykrallrealestate.com
Kimberlie,Duenas,8100 Jacksonville Rd #7,12/05/1979,Hays,Ellis,KS,67601,785-629-8542,785-616-1685,kimberlie_duenas@yahoo.com,http://www.midcontntlrltypropmgmt.com
Martina,Staback,7 W Wabansia Ave #227,2/24/1976,Orlando,Orange,FL,32822,407-471-6908,407-429-2145,martina_staback@staback.com,http://www.acesignsinc.com
Skye,Fillingim,25 Minters Chapel Rd #9,11/05/1982,Minneapolis,Hennepin,MN,55401,612-508-2655,612-664-6304,skye_fillingim@yahoo.com,http://www.rodewayinn.com
Jade,Farrar,6882 Torresdale Ave,8/10/1993,Columbia,Richland,SC,29201,803-352-5387,803-975-3405,jade.farrar@yahoo.com,http://www.bonnetdaughter.com
Charlene,Hamilton,985 E 6th Ave,7/07/1973,Santa Rosa,Sonoma,CA,95407,707-300-1771,707-821-8037,charlene.hamilton@hotmail.com,http://www.oshinsgibbons.com
Geoffrey,Acey,7 West Ave #1,11/21/1984,Palatine,Cook,IL,60067,847-222-1734,847-556-2909,geoffrey@gmail.com,http://www.pricebusinessservices.com
Stevie,Westerbeck,26659 N 13th St,8/11/1976,Costa Mesa,Orange,CA,92626,949-867-4077,949-903-3898,stevie.westerbeck@yahoo.com,http://www.wisedenniswmd.com
Pamella,Fortino,669 Packerland Dr #1438,5/30/1991,Denver,Denver,CO,80212,303-404-2210,303-794-1341,pamella@fortino.com,http://www.supermotel.com
Harrison,Haufler,759 Eldora St,2/18/1988,New Haven,New Haven,CT,6515,203-801-6193,203-801-8497,hhaufler@hotmail.com,http://www.johnwagnerassociates.com
Johnna,Engelberg,5 S Colorado Blvd #449,10/08/1995,Bothell,Snohomish,WA,98021,425-986-7573,425-700-3751,jengelberg@engelberg.org,http://www.thriftyoilco.com
Buddy,Cloney,944 Gaither Dr,5/29/1984,Strongsville,Cuyahoga,OH,44136,440-989-5826,440-327-2093,buddy.cloney@yahoo.com,http://www.larkfieldphoto.com
Dalene,Riden,66552 Malone Rd,9/26/1987,Plaistow,Rockingham,NH,3865,603-315-6839,603-745-7497,dalene.riden@aol.com,http://www.silvermanplanetarium.com
Jerry,Zurcher,77 Massillon Rd #822,8/16/1994,Satellite Beach,Brevard,FL,32937,321-518-5938,321-597-2159,jzurcher@zurcher.org,http://www.jflumber.com
Haydee,Denooyer,25346 New Rd,9/17/1983,New York,New York,NY,10016,212-792-8658,212-782-3493,hdenooyer@denooyer.org,http://www.cleaningstationinc.com
Joseph,Cryer,60 Fillmore Ave,1/30/1989,Huntington Beach,Orange,CA,92647,714-584-2237,714-698-2170,joseph_cryer@cox.net,http://www.amesstationers.com
Deonna,Kippley,57 Haven Ave #90,11/21/1999,Southfield,Oakland,MI,48075,248-913-4677,248-793-4966,deonna_kippley@hotmail.com,http://www.midasmufflershops.com
Raymon,Calvaresi,6538 E Pomona St #60,1/17/1989,Indianapolis,Marion,IN,46222,317-825-4724,317-342-1532,raymon.calvaresi@gmail.com,http://www.seaboardsecuritiesinc.com
Alecia,Bubash,6535 Joyce St,3/30/1972,Wichita Falls,Wichita,TX,76301,940-276-7922,940-302-3036,alecia@aol.com,http://www.petersenjameseesq.com
Ma,Layous,78112 Morris Ave,11/30/2000,North Haven,New Haven,CT,6473,203-721-3388,203-564-1543,mlayous@hotmail.com,http://www.developmentauthority.com
Detra,Coyier,96950 Hidden Ln,5/10/1979,Aberdeen,Harford,MD,21001,410-739-9277,410-259-2118,detra@aol.com,http://www.schottfiberopticsinc.com
Terrilyn,Rodeigues,3718 S Main St,10/28/1978,New Orleans,Orleans,LA,70130,504-463-4384,504-635-8518,terrilyn.rodeigues@cox.net,http://www.stuartjagins.com
Salome,Lacovara,9677 Commerce Dr,7/20/1980,Richmond,Richmond City,VA,23219,804-550-5097,804-858-1011,slacovara@gmail.com,http://www.mitsumielectronicscorp.com
Garry,Keetch,5 Green Pond Rd #4,5/28/1974,Southampton,Bucks,PA,18966,215-979-8776,215-846-9046,garry_keetch@hotmail.com,http://www.italianexpressfranchisecorp.com
Matthew,Neither,636 Commerce Dr #42,3/15/2000,Shakopee,Scott,MN,55379,952-651-7597,952-906-4597,mneither@yahoo.com,http://www.americancouncilonscihlth.com
Theodora,Restrepo,42744 Hamann Industrial Pky #82,8/08/1986,Miami,Miami-Dade,FL,33136,305-936-8226,305-573-1085,theodora.restrepo@restrepo.com,http://www.kleripatriciasesq.com
Noah,Kalafatis,1950 5th Ave,8/09/1982,Milwaukee,Milwaukee,WI,53209,414-263-5287,414-660-9766,noah.kalafatis@aol.com,http://www.twiggsabramsblanchard.com
Carmen,Sweigard,61304 N French Rd,1/03/1981,Somerset,Somerset,NJ,8873,732-941-2621,732-445-6940,csweigard@sweigard.com,http://www.mauiresearchtechnologypk.com
Lavonda,Hengel,87 Imperial Ct #79,4/18/1971,Fargo,Cass,ND,58102,701-898-2154,701-421-7080,lavonda@cox.net,http://www.bradleynameplatecorp.com
Junita,Stoltzman,94 W Dodge Rd,8/29/1988,Carson City,Carson City,NV,89701,775-638-9963,775-578-1214,junita@aol.com,http://www.geonexmartelinc.com
Herminia,Nicolozakes,4 58th St #3519,4/09/1975,Scottsdale,Maricopa,AZ,85254,602-954-5141,602-304-6433,herminia@nicolozakes.org,http://www.seaislanddivoffstrindinc.com
Casie,Good,5221 Bear Valley Rd,6/15/2001,Nashville,Davidson,TN,37211,615-390-2251,615-825-4297,casie.good@aol.com,http://www.papaydebbiejesq.com
Reena,Maisto,9648 S Main,11/07/1991,Salisbury,Wicomico,MD,21801,410-351-1863,410-951-2667,reena@hotmail.com,http://www.lanepromotions.com
Mirta,Mallett,7 S San Marcos Rd,8/14/1996,New York,New York,NY,10004,212-870-1286,212-745-6948,mirta_mallett@gmail.com,http://www.stephenkennerlyarchtsincpc.com
Cathrine,Pontoriero,812 S Haven St,3/06/1989,Amarillo,Randall,TX,79109,806-703-1435,806-558-5848,cathrine.pontoriero@pontoriero.com,http://www.businesssystemsofwisinc.com
Filiberto,Tawil,3882 W Congress St #799,6/06/2000,Los Angeles,Los Angeles,CA,90016,323-765-2528,323-842-8226,ftawil@hotmail.com,http://www.flashelenasalernoesq.com
Raul,Upthegrove,4 E Colonial Dr,4/18/1987,La Mesa,San Diego,CA,91942,619-509-5282,619-666-4765,rupthegrove@yahoo.com,http://www.neeleygregorywesq.com
Sarah,Candlish,45 2nd Ave #9759,12/22/1974,Atlanta,Fulton,GA,30328,770-732-1194,770-531-2842,sarah.candlish@gmail.com,http://www.alabamaeducationaltvcomm.com
Lucy,Treston,57254 Brickell Ave #372,1/29/1984,Worcester,Worcester,MA,1602,508-769-5250,508-502-5634,lucy@cox.net,http://www.franzinc.com
Judy,Aquas,8977 Connecticut Ave Nw #3,4/23/1983,Niles,Berrien,MI,49120,269-756-7222,269-431-9464,jaquas@aquas.com,http://www.plantationrestaurant.com
Yvonne,Tjepkema,9 Waydell St,8/10/1974,Fairfield,Essex,NJ,7004,973-714-1721,973-976-8627,yvonne.tjepkema@hotmail.com,http://www.radiocommunicationsco.com
Kayleigh,Lace,43 Huey P Long Ave,9/07/1970,Lafayette,Lafayette,LA,70508,337-740-9323,337-751-2326,kayleigh.lace@yahoo.com,http://www.dentalawdivsnhlthcare.com
Felix,Hirpara,7563 Cornwall Rd #4462,9/15/1993,Denver,Lancaster,PA,17517,717-491-5643,717-583-1497,felix_hirpara@cox.net,http://www.americanspeedyprintingctrs.com
Tresa,Sweely,22 Bridle Ln,12/17/1988,Valley Park,Saint Louis,MO,63088,314-359-9566,314-231-3514,tresa_sweely@hotmail.com,http://www.graysongrantsesq.com
Kristeen,Turinetti,70099 E North Ave,3/08/1995,Arlington,Tarrant,TX,76013,817-213-8851,817-947-9480,kristeen@gmail.com,http://www.jeanerettemiddleschool.com
Jenelle,Regusters,3211 E Northeast Loop,3/07/1993,Tampa,Hillsborough,FL,33619,813-932-8715,813-357-7296,jregusters@regusters.com,http://www.haavistobrianfesq.com
Renea,Monterrubio,26 Montgomery St,10/30/1974,Atlanta,Fulton,GA,30328,770-679-4752,770-930-9967,renea@hotmail.com,http://www.wmmtradiostation.com
Olive,Matuszak,13252 Lighthouse Ave,11/27/1996,Cathedral City,Riverside,CA,92234,760-938-6069,760-745-2649,olive@aol.com,http://www.colonypaintssalesofcplnt.com
Ligia,Reiber,206 Main St #2804,7/11/1979,Lansing,Ingham,MI,48933,517-906-1108,517-747-7664,lreiber@cox.net,http://www.floralexpressions.com
Christiane,Eschberger,96541 W Central Blvd,9/24/1984,Phoenix,Maricopa,AZ,85034,602-390-4944,602-330-6894,christiane.eschberger@yahoo.com,http://www.cascoservicesinc.com
Goldie,Schirpke,34 Saint George Ave #2,10/16/1983,Bangor,Penobscot,ME,4401,207-295-7569,207-748-3722,goldie.schirpke@yahoo.com,http://www.reuterarthurcjr.com
Loreta,Timenez,47857 Coney Island Ave,1/09/1999,Clinton,Prince Georges,MD,20735,301-696-6420,301-392-6698,loreta.timenez@hotmail.com,http://www.kaminskikatherineandritsaki.com
Fabiola,Hauenstein,8573 Lincoln Blvd,1/10/1974,York,York,PA,17404,717-809-3119,717-344-2804,fabiola.hauenstein@hauenstein.org,http://www.sidewinderproductscorp.com
Amie,Perigo,596 Santa Maria Ave #7913,12/17/2001,Mesquite,Dallas,TX,75150,972-419-7946,972-898-1033,amie.perigo@yahoo.com,http://www.generalfoamcorporation.com
Raina,Brachle,3829 Ventura Blvd,4/06/1983,Butte,Silver Bow,MT,59701,406-318-1515,406-374-7752,raina.brachle@brachle.org,http://www.ikgbordendivsnharscocorp.com
Erinn,Canlas,13 S Hacienda Dr,2/16/1988,Livingston,Essex,NJ,7039,973-767-3008,973-563-9502,erinn.canlas@canlas.com,http://www.anchorcomputerinc.com
Cherry,Lietz,40 9th Ave Sw #91,10/22/1978,Waterford,Oakland,MI,48329,248-980-6904,248-697-7722,cherry@lietz.com,http://www.sebringco.com
Kattie,Vonasek,2845 Boulder Crescent St,5/19/1993,Cleveland,Cuyahoga,OH,44103,216-923-3715,216-270-9653,kattie@vonasek.org,http://www.hacfarmlinescooptvassoc.com
Lilli,Scriven,33 State St,7/08/1975,Abilene,Taylor,TX,79601,325-631-1560,325-667-7868,lilli@aol.com,http://www.hunterjohnjesq.com
Whitley,Tomasulo,2 S 15th St,4/27/1988,Fort Worth,Tarrant,TX,76107,817-526-4408,817-819-7799,whitley.tomasulo@aol.com,http://www.freeholdfenceco.com
Barbra,Adkin,4 Kohler Memorial Dr,12/16/1999,Brooklyn,Kings,NY,11230,718-201-3751,718-732-9475,badkin@hotmail.com,http://www.binswanger.com
Hermila,Thyberg,1 Rancho Del Mar Shopping C,12/07/1988,Providence,Providence,RI,2903,401-893-4882,401-885-7681,hermila_thyberg@hotmail.com,http://www.chiltonmaltingco.com
Jesusita,Flister,3943 N Highland Ave,2/01/1999,Lancaster,Lancaster,PA,17601,717-885-9118,717-686-7564,jesusita.flister@hotmail.com,http://www.schoenedwardjjr.com
Caitlin,Julia,5 Williams St,6/30/1983,Johnston,Providence,RI,2919,401-948-4982,401-552-9059,caitlin.julia@julia.org,http://www.heldermanseymourcpa.com
Roosevelt,Hoffis,60 Old Dover Rd,4/28/1979,Hialeah,Miami-Dade,FL,33014,305-622-4739,305-302-1135,roosevelt.hoffis@aol.com,http://www.denbrookmyron.com
Helaine,Halter,8 Sheridan Rd,9/11/1993,Jersey City,Hudson,NJ,7304,201-832-4168,201-412-3040,hhalter@yahoo.com,http://www.lippittmike.com
Lorean,Martabano,85092 Southern Blvd,12/28/1991,San Antonio,Bexar,TX,78204,210-856-4979,210-634-2447,lorean.martabano@hotmail.com,http://www.hiramhoggpesq.com
France,Buzick,64 Newman Springs Rd E,5/21/1996,Brooklyn,Kings,NY,11219,718-478-8504,718-853-3740,france.buzick@yahoo.com,http://www.intravelagency.com
Justine,Ferrario,48 Stratford Ave,9/20/1992,Pomona,Los Angeles,CA,91768,909-993-3242,909-631-5703,jferrario@hotmail.com,http://www.newhartfoodsinc.com
Adelina,Nabours,80 Pittsford Victor Rd #9,10/25/1978,Cleveland,Cuyahoga,OH,44103,216-230-4892,216-937-5320,adelina_nabours@gmail.com,http://www.courtyardbymarriott.com
Derick,Dhamer,87163 N Main Ave,8/16/1975,New York,New York,NY,10013,212-304-4515,212-225-9676,ddhamer@cox.net,http://www.studereugeneaesq.com
Jerry,Dallen,393 Lafayette Ave,3/13/1991,Richmond,Richmond City,VA,23219,804-762-9576,804-808-9574,jerry.dallen@yahoo.com,http://www.seashoresupplycowaretown.com
Leota,Ragel,99 5th Ave #33,4/09/2002,Trion,Chattooga,GA,30753,706-221-4243,706-616-5131,leota.ragel@gmail.com,http://www.mayarsilkinc.com
Jutta,Amyot,49 N Mays St,8/13/2000,Broussard,Lafayette,LA,70518,337-515-1438,337-991-8070,jamyot@hotmail.com,http://www.nationalmedicalexcesscorp.com
Aja,Gehrett,993 Washington Ave,3/08/1986,Nutley,Essex,NJ,7110,973-544-2677,973-986-4456,aja_gehrett@hotmail.com,http://www.sterocompany.com
Kirk,Herritt,88 15th Ave Ne,5/09/1982,Vestal,Broome,NY,13850,607-407-3716,607-350-7690,kirk.herritt@aol.com,http://www.hastinghduaneesq.com
Leonora,Mauson,3381 E 40th Ave,6/10/2000,Passaic,Passaic,NJ,7055,973-412-2995,973-355-2120,leonora@yahoo.com,http://www.instyprints.com
Winfred,Brucato,201 Ridgewood Rd,11/08/2000,Moscow,Latah,ID,83843,208-252-4552,208-793-4108,winfred_brucato@hotmail.com,http://www.glenridgemanormobilehomepk.com
Tarra,Nachor,39 Moccasin Dr,8/16/1991,San Francisco,San Francisco,CA,94104,415-411-1775,415-284-2730,tarra.nachor@cox.net,http://www.circuitsolutioninc.com
Corinne,Loder,4 Carroll St,9/07/2000,North Attleboro,Bristol,MA,2760,508-942-4186,508-618-7826,corinne@loder.org,http://www.localoffice.com
Dulce,Labreche,9581 E Arapahoe Rd,8/26/1976,Rochester,Oakland,MI,48307,248-357-8718,248-811-5696,dulce_labreche@yahoo.com,http://www.leekilkellypaulsonkabaker.com
Kate,Keneipp,33 N Michigan Ave,6/12/1992,Green Bay,Brown,WI,54301,920-353-6377,920-355-1610,kate_keneipp@yahoo.com,http://www.davismaxonresq.com
Kaitlyn,Ogg,2 S Biscayne Blvd,5/05/2001,Baltimore,Baltimore City,MD,21230,410-665-4903,410-773-3862,kaitlyn.ogg@gmail.com,http://www.garrisonpauleesq.com
Sherita,Saras,8 Us Highway 22,2/20/1992,Colorado Springs,El Paso,CO,80937,719-669-1664,719-547-9543,sherita.saras@cox.net,http://www.blackhistoryresourcecenter.com
Lashawnda,Stuer,7422 Martin Ave #8,1/23/1999,Toledo,Lucas,OH,43607,419-588-8719,419-399-1744,lstuer@cox.net,http://www.rodriguezjchristopheresq.com
Ernest,Syrop,94 Chase Rd,11/24/1985,Hyattsville,Prince Georges,MD,20785,301-998-9644,301-257-4883,ernest@cox.net,http://www.grantfamilyhealthcenter.com
Nobuko,Halsey,8139 I Hwy 10 #92,3/29/1978,New Bedford,Bristol,MA,2745,508-855-9887,508-897-7916,nobuko.halsey@yahoo.com,http://www.goemanwoodproductsinc.com
Lavonna,Wolny,5 Cabot Rd,9/12/1974,Mc Lean,Fairfax,VA,22102,703-483-1970,703-892-2914,lavonna.wolny@hotmail.com,http://www.linhareskennethaesq.com
Lashaunda,Lizama,3387 Ryan Dr,4/13/1999,Hanover,Anne Arundel,MD,21076,410-678-2473,410-912-6032,llizama@cox.net,http://www.earnhardtprinting.com
Mariann,Bilden,3125 Packer Ave #9851,9/21/1996,Austin,Travis,TX,78753,512-223-4791,512-742-1149,mariann.bilden@aol.com,http://www.hpgindustrysinc.com
Helene,Rodenberger,347 Chestnut St,7/24/1973,Peoria,Maricopa,AZ,85381,623-461-8551,623-426-4907,helene@aol.com,http://www.baileytransportationprodinc.com
Roselle,Estell,8116 Mount Vernon Ave,2/01/1973,Bucyrus,Crawford,OH,44820,419-571-5920,419-488-6648,roselle.estell@hotmail.com,http://www.mcglynnblisspc.com
Samira,Heintzman,8772 Old County Rd #5410,4/08/1978,Kent,King,WA,98032,206-311-4137,206-923-6042,sheintzman@hotmail.com,http://www.mutualfishco.com
Margart,Meisel,868 State St #38,9/20/1975,Cincinnati,Hamilton,OH,45251,513-617-2362,513-747-9603,margart_meisel@yahoo.com,http://www.yeatesarthurlaia.com
Kristofer,Bennick,772 W River Dr,12/09/1993,Bloomington,Monroe,IN,47404,812-368-1511,812-442-8544,kristofer.bennick@yahoo.com,http://www.loganronaldjesq.com
Weldon,Acuff,73 W Barstow Ave,1/13/1981,Arlington Heights,Cook,IL,60004,847-353-2156,847-613-5866,wacuff@gmail.com,http://www.advantagemartgagecompany.com
Shalon,Shadrick,61047 Mayfield Ave,12/11/1985,Brooklyn,Kings,NY,11223,718-232-2337,718-394-4974,shalon@cox.net,http://www.germerandgertzllp.com
Denise,Patak,2139 Santa Rosa Ave,3/03/2002,Orlando,Orange,FL,32801,407-446-4358,407-808-3254,denise@patak.org,http://www.spencelawoffices.com
Louvenia,Beech,598 43rd St,2/11/1987,Beverly Hills,Los Angeles,CA,90210,310-820-2117,310-652-2379,louvenia.beech@beech.com,http://www.johnortizntstherapycenter.com
Audry,Yaw,70295 Pioneer Ct,1/05/1972,Brandon,Hillsborough,FL,33511,813-797-4816,813-744-7100,audry.yaw@yaw.org,http://www.mikeuchrinhtgaircondinc.com
Kristel,Ehmann,92899 Kalakaua Ave,3/04/1994,El Paso,El Paso,TX,79925,915-452-1290,915-300-6100,kristel.ehmann@aol.com,http://www.mccoyjoyreynoldsesq.com
Vincenza,Zepp,395 S 6th St #2,5/18/1999,El Cajon,San Diego,CA,92020,619-603-5125,619-935-6661,vzepp@gmail.com,http://www.kboram.com
Elouise,Gwalthney,9506 Edgemore Ave,11/27/1989,Bladensburg,Prince Georges,MD,20710,301-841-5012,301-591-3034,egwalthney@yahoo.com,http://www.qualityinnnorthwest.com
Venita,Maillard,72119 S Walker Ave #63,3/28/1995,Anaheim,Orange,CA,92801,714-523-6653,714-663-9740,venita_maillard@gmail.com,http://www.wallacechurchassocinc.com
Kasandra,Semidey,369 Latham St #500,9/20/2000,Saint Louis,Saint Louis City,MO,63102,314-732-9131,314-697-3652,kasandra_semidey@semidey.com,http://www.cantron.com
Xochitl,Discipio,3158 Runamuck Pl,12/08/1978,Round Rock,Williamson,TX,78664,512-233-1831,512-942-3411,xdiscipio@gmail.com,http://www.ravaalenterprisesinc.com
Maile,Linahan,9 Plainsboro Rd #598,5/24/2000,Greensboro,Guilford,NC,27409,336-670-2640,336-364-6037,mlinahan@yahoo.com,http://www.thompsonsteelcompanyinc.com
Krissy,Rauser,8728 S Broad St,5/30/1987,Coram,Suffolk,NY,11727,631-443-4710,631-288-2866,krauser@cox.net,http://www.andersonmarkaesq.com
Pete,Dubaldi,2215 Prosperity Dr,9/01/1993,Lyndhurst,Bergen,NJ,7071,201-825-2514,201-749-8866,pdubaldi@hotmail.com,http://www.womackgalich.com
Linn,Paa,1 S Pine St,5/07/1998,Memphis,Shelby,TN,38112,901-412-4381,901-573-9024,linn_paa@paa.com,http://www.valeriecompany.com
Paris,Wide,187 Market St,4/30/1988,Atlanta,Fulton,GA,30342,404-505-4445,404-607-8435,paris@hotmail.com,http://www.gehringpumpsinc.com
Wynell,Dorshorst,94290 S Buchanan St,4/09/1983,Pacifica,San Mateo,CA,94044,650-473-1262,650-749-9879,wynell_dorshorst@dorshorst.org,http://www.haehnelcraigwesq.com
Quentin,Birkner,7061 N 2nd St,9/17/1982,Burnsville,Dakota,MN,55337,952-702-7993,952-314-5871,qbirkner@aol.com,http://www.spoorbehrinscampbellyoung.com
Regenia,Kannady,10759 Main St,8/02/1997,Scottsdale,Maricopa,AZ,85260,480-726-1280,480-205-5121,regenia.kannady@cox.net,http://www.kenjeterstoreequipmentinc.com
Sheron,Louissant,97 E 3rd St #9,5/05/1971,Long Island City,Queens,NY,11101,718-976-8610,718-613-9994,sheron@aol.com,http://www.potterbrendajcpa.com
Izetta,Funnell,82 Winsor St #54,10/26/1989,Atlanta,Dekalb,GA,30340,770-844-3447,770-584-4119,izetta.funnell@hotmail.com,http://www.bairdkurtzdobson.com
Rodolfo,Butzen,41 Steel Ct,6/04/1983,Northfield,Rice,MN,55057,507-210-3510,507-590-5237,rodolfo@hotmail.com,http://www.minorcynthiaaesq.com
Zona,Colla,49440 Dearborn St,5/18/1994,Norwalk,Fairfield,CT,6854,203-461-1949,203-938-2557,zona@hotmail.com,http://www.soloverobertaesq.com
Serina,Zagen,7 S Beverly Dr,11/09/1985,Fort Wayne,Allen,IN,46802,260-273-3725,260-382-4869,szagen@aol.com,http://www.markiiimportsinc.com
Paz,Sahagun,919 Wall Blvd,2/24/1971,Meridian,Lauderdale,MS,39307,601-927-8287,601-249-4511,paz_sahagun@cox.net,http://www.whitesigndivctrlequipco.com
Markus,Lukasik,89 20th St E #779,12/28/1971,Sterling Heights,Macomb,MI,48310,586-970-7380,586-247-1614,markus@yahoo.com,http://www.mmstorefixturescoinc.com
Jaclyn,Bachman,721 Interstate 45 S,8/02/1978,Colorado Springs,El Paso,CO,80919,719-853-3600,719-223-2074,jaclyn@aol.com,http://www.judahcasterwheelco.com
Cyril,Daufeldt,3 Lawton St,3/04/2001,New York,New York,NY,10013,212-745-8484,212-422-5427,cyril_daufeldt@daufeldt.com,http://www.galaxyinternationalinc.com
Gayla,Schnitzler,38 Pleasant Hill Rd,12/04/1998,Hayward,Alameda,CA,94545,510-686-3407,510-441-4055,gschnitzler@gmail.com,http://www.sigmacorpofamerica.com
Erick,Nievas,45 E Acacia Ct,6/15/1986,Chicago,Cook,IL,60624,773-704-9903,773-359-6109,erick_nievas@aol.com,http://www.sowardanneesq.com
Jennie,Drymon,63728 Poway Rd #1,5/11/1985,Scranton,Lackawanna,PA,18509,570-218-4831,570-868-8688,jennie@cox.net,http://www.osbornemichellemesq.com
Mitsue,Scipione,77 222 Dr,1/31/1972,Oroville,Butte,CA,95965,530-986-9272,530-399-3254,mscipione@scipione.com,http://www.studentsinfreeentrprsnatl.com
Ciara,Ventura,53 W Carey St,3/16/1985,Port Jervis,Orange,NY,12771,845-823-8877,845-694-7919,cventura@yahoo.com,http://www.johnsonrobertmesq.com
Galen,Cantres,617 Nw 36th Ave,12/26/1971,Brook Park,Cuyahoga,OH,44142,216-600-6111,216-871-6876,galen@yahoo.com,http://www.delcharroapartments.com
Truman,Feichtner,539 Coldwater Canyon Ave,10/17/1982,Bloomfield,Essex,NJ,7003,973-852-2736,973-473-5108,tfeichtner@yahoo.com,http://www.legalsearchinc.com
Gail,Kitty,735 Crawford Dr,8/11/1972,Anchorage,Anchorage,AK,99501,907-435-9166,907-770-3542,gail@kitty.com,http://www.servicesupplycoinc.com
Dalene,Schoeneck,910 Rahway Ave,11/17/1998,Philadelphia,Philadelphia,PA,19102,215-268-1275,215-380-8820,dalene@schoeneck.org,http://www.sameshimadouglasjesq.com
Gertude,Witten,7 Tarrytown Rd,3/13/1999,Cincinnati,Hamilton,OH,45217,513-977-7043,513-863-9471,gertude.witten@gmail.com,http://www.thompsonjohnrandolphjr.com
Lizbeth,Kohl,35433 Blake St #588,11/17/1970,Gardena,Los Angeles,CA,90248,310-699-1222,310-955-5788,lizbeth@yahoo.com,http://www.etbalancingcoinc.com
Glenn,Berray,29 Cherry St #7073,2/17/1972,Des Moines,Polk,IA,50315,515-370-7348,515-372-1738,gberray@gmail.com,http://www.griswoldjohneesq.com
Lashandra,Klang,810 N La Brea Ave,6/17/1978,King of Prussia,Montgomery,PA,19406,610-809-1818,610-378-7332,lashandra@yahoo.com,http://www.acquagroup.com
Lenna,Newville,987 Main St,4/06/1987,Raleigh,Wake,NC,27601,919-623-2524,919-254-5987,lnewville@newville.com,http://www.brooksmorrisjjr.com
Laurel,Pagliuca,36 Enterprise St Se,2/13/1983,Richland,Benton,WA,99352,509-695-5199,509-595-6485,laurel@yahoo.com,http://www.printingimagescorp.com
Mireya,Frerking,8429 Miller Rd,6/29/1974,Pelham,Westchester,NY,10803,914-868-5965,914-883-3061,mireya.frerking@hotmail.com,http://www.robertssupplycoinc.com
Annelle,Tagala,5 W 7th St,3/01/1989,Parkville,Baltimore,MD,21234,410-757-1035,410-234-2267,annelle@yahoo.com,http://www.vicoproductsmfgco.com
Dean,Ketelsen,2 Flynn Rd,1/08/1997,Hicksville,Nassau,NY,11801,516-847-4418,516-732-6649,dean_ketelsen@gmail.com,http://www.jmcustomdesignmillwork.com
Levi,Munis,2094 Ne 36th Ave,12/12/1971,Worcester,Worcester,MA,1603,508-456-4907,508-658-7802,levi.munis@gmail.com,http://www.farrelljohnsonofficeequip.com
Sylvie,Ryser,649 Tulane Ave,1/05/1988,Tulsa,Tulsa,OK,74105,918-644-9555,918-565-1706,sylvie@aol.com,http://www.millersmarketdeli.com
Sharee,Maile,2094 Montour Blvd,5/26/1981,Muskegon,Muskegon,MI,49442,231-467-9978,231-265-6940,sharee_maile@aol.com,http://www.holidayinnnaperville.com
Cordelia,Storment,393 Hammond Dr,5/17/1996,Lafayette,Lafayette,LA,70506,337-566-6001,337-255-3427,cordelia_storment@aol.com,http://www.burrowsjonhesq.com
Mollie,Mcdoniel,8590 Lake Lizzie Dr,1/08/1975,Bowling Green,Wood,OH,43402,419-975-3182,419-417-4674,mollie_mcdoniel@yahoo.com,http://www.docksealspecialty.com
Brett,Mccullan,87895 Concord Rd,8/01/1998,La Mesa,San Diego,CA,91942,619-461-9984,619-727-3892,brett.mccullan@mccullan.com,http://www.fivestarlimousinesoftxinc.com
Teddy,Pedrozo,46314 Route 130,11/06/1997,Bridgeport,Fairfield,CT,6610,203-892-3863,203-918-3939,teddy_pedrozo@aol.com,http://www.barkannealjesq.com
Tasia,Andreason,4 Cowesett Ave,6/30/1970,Kearny,Hudson,NJ,7032,201-920-9002,201-969-7063,tasia_andreason@yahoo.com,http://www.campbellroberta.com
Hubert,Walthall,95 Main Ave #2,6/30/1991,Barberton,Summit,OH,44203,330-903-1345,330-566-8898,hubert@walthall.org,http://www.deedeanna.com
Arthur,Farrow,28 S 7th St #2824,12/25/1983,Englewood,Bergen,NJ,7631,201-238-5688,201-772-4377,arthur.farrow@yahoo.com,http://www.youngtimothylesq.com
Vilma,Berlanga,79 S Howell Ave,5/12/1998,Grand Rapids,Kent,MI,49546,616-737-3085,616-568-4113,vberlanga@berlanga.com,http://www.wellsdfredesq.com
Billye,Miro,36 Lancaster Dr Se,6/02/1990,Pearl,Rankin,MS,39208,601-567-5386,601-637-5479,billye_miro@cox.net,http://www.grayfrancinehesq.com
Glenna,Slayton,2759 Livingston Ave,11/23/1992,Memphis,Shelby,TN,38118,901-640-9178,901-869-4314,glenna_slayton@cox.net,http://www.toledoivcare.com
Mitzie,Hudnall,17 Jersey Ave,12/31/1975,Englewood,Arapahoe,CO,80110,303-402-1940,303-997-7760,mitzie_hudnall@yahoo.com,http://www.cangrotransmissionco.com
Bernardine,Rodefer,2 W Grand Ave,9/16/1998,Memphis,Shelby,TN,38112,901-901-4726,901-739-5892,bernardine_rodefer@yahoo.com,http://www.satpolyinc.com
Staci,Schmaltz,18 Coronado Ave #563,1/17/1979,Pasadena,Los Angeles,CA,91106,626-866-2339,626-293-7678,staci_schmaltz@aol.com,http://www.midwestcontractingmfginc.com
Nichelle,Meteer,72 Beechwood Ter,8/02/1971,Chicago,Cook,IL,60657,773-225-9985,773-857-2231,nichelle_meteer@meteer.com,http://www.printdoctor.com
Janine,Rhoden,92 Broadway,10/17/1990,Astoria,Queens,NY,11103,718-228-5894,718-728-5051,jrhoden@yahoo.com,http://www.nordicgroupinc.com
Ettie,Hoopengardner,39 Franklin Ave,12/31/1993,Richland,Benton,WA,99352,509-755-5393,509-847-3352,ettie.hoopengardner@hotmail.com,http://www.jacksonmillworkco.com
Eden,Jayson,4 Iwaena St,12/23/2001,Baltimore,Baltimore City,MD,21202,410-890-7866,410-429-4888,eden_jayson@yahoo.com,http://www.harriscorporation.com
Lynelle,Auber,32820 Corkwood Rd,11/21/1992,Newark,Essex,NJ,7104,973-860-8610,973-605-6492,lynelle_auber@gmail.com,http://www.unitedcerebralpalsyofnepa.com
Merissa,Tomblin,34 Raritan Center Pky,1/01/1997,Bellflower,Los Angeles,CA,90706,562-579-6900,562-719-7922,merissa.tomblin@gmail.com,http://www.onedaysurgerycenterinc.com
Golda,Kaniecki,6201 S Nevada Ave,8/04/1981,Toms River,Ocean,NJ,8755,732-628-9909,732-617-5310,golda_kaniecki@yahoo.com,http://www.calaverasprospect.com
Catarina,Gleich,78 Maryland Dr #146,7/19/2001,Denville,Morris,NJ,7834,973-210-3994,973-491-8723,catarina_gleich@hotmail.com,http://www.terkroberteesq.com
Virgie,Kiel,76598 Rd  I 95 #1,3/25/1996,Denver,Denver,CO,80216,303-776-7548,303-845-5408,vkiel@hotmail.com,http://www.cullenterrencepesq.com
Jolene,Ostolaza,1610 14th St Nw,11/13/1991,Newport News,Newport News City,VA,23608,757-682-7116,757-940-1741,jolene@yahoo.com,http://www.centraldiecastingmfgcoinc.com
Keneth,Borgman,86350 Roszel Rd,12/02/1979,Phoenix,Maricopa,AZ,85012,602-919-4211,602-442-3092,keneth@yahoo.com,http://www.centerlineengineering.com
Rikki,Nayar,1644 Clove Rd,7/27/1971,Miami,Miami-Dade,FL,33155,305-968-9487,305-978-2069,rikki@nayar.com,http://www.targankievitpa.com
Elke,Sengbusch,9 W Central Ave,7/03/2000,Phoenix,Maricopa,AZ,85013,602-896-2993,602-575-3457,elke_sengbusch@yahoo.com,http://www.rileyriperhollincolagreco.com
Hoa,Sarao,27846 Lafayette Ave,2/25/1997,Oak Hill,Volusia,FL,32759,386-526-7800,386-599-7296,hoa@sarao.org,http://www.kaplanjoelsesq.com
Trinidad,Mcrae,10276 Brooks St,10/14/1993,San Francisco,San Francisco,CA,94105,415-331-9634,415-419-1597,trinidad_mcrae@yahoo.com,http://www.wateroffice.com
Mari,Lueckenbach,1 Century Park E,8/31/1979,San Diego,San Diego,CA,92110,858-793-9684,858-228-5683,mari_lueckenbach@yahoo.com,http://www.westbrooksnelsonejr.com
Selma,Husser,9 State Highway 57 #22,12/07/1989,Jersey City,Hudson,NJ,7306,201-991-8369,201-772-7699,selma.husser@cox.net,http://www.armoncommunications.com
Antione,Onofrio,4 S Washington Ave,12/22/1998,San Bernardino,San Bernardino,CA,92410,909-430-7765,909-665-3223,aonofrio@onofrio.com,http://www.jacobsgerberinc.com
Luisa,Jurney,25 Se 176th Pl,9/07/1979,Cambridge,Middlesex,MA,2138,617-365-2134,617-544-2541,ljurney@hotmail.com,http://www.forestfirelaboratory.com
Clorinda,Heimann,105 Richmond Valley Rd,9/13/1988,Escondido,San Diego,CA,92025,760-291-5497,760-261-4786,clorinda.heimann@hotmail.com,http://www.haugheycharlesjr.com
Dick,Wenzinger,22 Spruce St #595,3/28/1982,Gardena,Los Angeles,CA,90248,310-510-9713,310-936-2258,dick@yahoo.com,http://www.wheatonplasticproducts.com
Ahmed,Angalich,2 W Beverly Blvd,12/11/1972,Harrisburg,Dauphin,PA,17110,717-528-8996,717-632-5831,ahmed.angalich@angalich.com,http://www.reeseplastics.com
Iluminada,Ohms,72 Southern Blvd,11/29/1996,Mesa,Maricopa,AZ,85204,480-293-2882,480-866-6544,iluminada.ohms@yahoo.com,http://www.nazettemarnergoodwendt.com
Joanna,Leinenbach,1 Washington St,6/14/1981,Lake Worth,Palm Beach,FL,33461,561-470-4574,561-951-9734,joanna_leinenbach@hotmail.com,http://www.levinsonaxelrodwheaton.com
Caprice,Suell,90177 N 55th Ave,3/28/1996,Nashville,Davidson,TN,37211,615-246-1824,615-726-4537,caprice@aol.com,http://www.egnorwdanesq.com
Stephane,Myricks,9 Tower Ave,4/15/1978,Burlington,Boone,KY,41005,859-717-7638,859-308-4286,stephane_myricks@cox.net,http://www.portlandcentralthriftlodge.com
Quentin,Swayze,278 Bayview Ave,6/09/1992,Milan,Monroe,MI,48160,734-561-6170,734-851-8571,quentin_swayze@yahoo.com,http://www.ulbrichtrucking.com
Annmarie,Castros,80312 W 32nd St,2/21/1998,Conroe,Montgomery,TX,77301,936-751-7961,936-937-2334,annmarie_castros@gmail.com,http://www.tipiakinc.com
Shonda,Greenbush,82 Us Highway 46,5/21/1972,Clifton,Passaic,NJ,7011,973-482-2430,973-644-2974,shonda_greenbush@cox.net,http://www.saintgeorgewelldrilling.com
Cecil,Lapage,4 Stovall St #72,7/20/1976,Union City,Hudson,NJ,7087,201-693-3967,201-856-2720,clapage@lapage.com,http://www.hawkesdouglasd.com
Jeanice,Claucherty,19 Amboy Ave,7/30/1997,Miami,Miami-Dade,FL,33142,305-988-4162,305-306-7834,jeanice.claucherty@yahoo.com,http://www.accurelsystemsintrntlcorp.com
Josphine,Villanueva,63 Smith Ln #8343,3/21/1980,Moss,Clay,TN,38575,931-553-9774,931-486-6946,josphine_villanueva@villanueva.com,http://www.santacruzcommunityinternet.com
Daniel,Perruzza,11360 S Halsted St,2/02/1981,Santa Ana,Orange,CA,92705,714-771-3880,714-531-1391,dperruzza@perruzza.com,http://www.gershdanielson.com
Cassi,Wildfong,26849 Jefferson Hwy,7/17/1977,Rolling Meadows,Cook,IL,60008,847-633-3216,847-755-9041,cassi.wildfong@aol.com,http://www.cobbjamesoesq.com
Britt,Galam,2500 Pringle Rd Se #508,9/21/1990,Hatfield,Montgomery,PA,19440,215-888-3304,215-351-8523,britt@galam.org,http://www.wheatleytruckingcompany.com
Adell,Lipkin,65 Mountain View Dr,11/01/1993,Whippany,Morris,NJ,7981,973-654-1561,973-662-8988,adell.lipkin@lipkin.com,http://www.systemsgraphincabdickdlr.com
Jacqueline,Rowling,1 N San Saba,8/12/1988,Erie,Erie,PA,16501,814-865-8113,814-481-1700,jacqueline.rowling@yahoo.com,http://www.johnhancockmutllifeinsco.com
Lonny,Weglarz,51120 State Route 18,5/05/1995,Salt Lake City,Salt Lake,UT,84115,801-293-9853,801-892-8781,lonny_weglarz@gmail.com,http://www.historydivisionofstate.com
Lonna,Diestel,1482 College Ave,3/28/1995,Fayetteville,Cumberland,NC,28301,910-922-3672,910-200-7912,lonna_diestel@gmail.com,http://www.dimmockthomasjesq.com
Cristal,Samara,4119 Metropolitan Dr,5/16/1973,Los Angeles,Los Angeles,CA,90021,213-975-8026,213-696-8004,cristal@cox.net,http://www.intermedinc.com
Kenneth,Grenet,2167 Sierra Rd,12/02/1983,East Lansing,Ingham,MI,48823,517-499-2322,517-867-8077,kenneth.grenet@grenet.org,http://www.bankofnewyork.com
Elli,Mclaird,6 Sunrise Ave,7/29/2001,Utica,Oneida,NY,13501,315-818-2638,315-474-5570,emclaird@mclaird.com,http://www.sportmasterintrnatl.com
Alline,Jeanty,55713 Lake City Hwy,1/22/1998,South Bend,St Joseph,IN,46601,574-656-2800,574-405-1983,ajeanty@gmail.com,http://www.wwjohnholdeninc.com
Sharika,Eanes,75698 N Fiesta Blvd,8/30/1990,Orlando,Orange,FL,32806,407-312-1691,407-472-1332,sharika.eanes@aol.com,http://www.maccanidelp.com
Nu,Mcnease,88 Sw 28th Ter,5/05/2000,Harrison,Hudson,NJ,7029,973-751-9003,973-903-4175,nu@gmail.com,http://www.amazoniafilmproject.com
Daniela,Comnick,7 Flowers Rd #403,9/13/1982,Trenton,Mercer,NJ,8611,609-200-8577,609-398-2805,dcomnick@cox.net,http://www.watersewerdepartment.com
Cecilia,Colaizzo,4 Nw 12th St #3849,3/11/1992,Madison,Dane,WI,53717,608-382-4541,608-302-3387,cecilia_colaizzo@colaizzo.com,http://www.switchcraftinc.com
Leslie,Threets,2 A Kelley Dr,3/12/1984,Katonah,Westchester,NY,10536,914-861-9748,914-396-2615,leslie@cox.net,http://www.cwdcmetalfabricators.com
Nan,Koppinger,88827 Frankford Ave,4/18/1983,Greensboro,Guilford,NC,27401,336-370-5333,336-564-1492,nan@koppinger.com,http://www.shimotanigracet.com
Izetta,Dewar,2 W Scyene Rd #3,12/14/1985,Baltimore,Baltimore City,MD,21217,410-473-1708,410-522-7621,idewar@dewar.com,http://www.lisatonijeanesq.com
Tegan,Arceo,62260 Park Stre,3/09/1984,Monroe Township,Middlesex,NJ,8831,732-730-2692,732-705-6719,tegan.arceo@arceo.org,http://www.ceramictilesalesinc.com
Ruthann,Keener,3424 29th St Se,7/20/1996,Kerrville,Kerr,TX,78028,830-258-2769,830-919-5991,ruthann@hotmail.com,http://www.maidencraftinc.com
Joni,Breland,35 E Main St #43,10/22/1973,Elk Grove Village,Cook,IL,60007,847-519-5906,847-740-5304,joni_breland@cox.net,http://www.carriagehousecllsnrprinc.com
Vi,Rentfro,7163 W Clark Rd,8/12/1982,Freehold,Monmouth,NJ,7728,732-605-4781,732-724-7251,vrentfro@cox.net,http://www.videoworkshop.com
Colette,Kardas,21575 S Apple Creek Rd,11/08/1983,Omaha,Douglas,NE,68124,402-896-5943,402-707-1602,colette.kardas@yahoo.com,http://www.fresnotilecenterinc.com
Malcolm,Tromblay,747 Leonis Blvd,7/05/1982,Annandale,Fairfax,VA,22003,703-221-5602,703-874-4248,malcolm_tromblay@cox.net,http://www.versatilesashwoodwork.com
Ryan,Harnos,13 Gunnison St,2/11/1992,Plano,Collin,TX,75075,972-558-1665,972-961-4968,ryan@cox.net,http://www.warnerelectricbrkcltchco.com
Jess,Chaffins,18 3rd Ave,10/02/2001,New York,New York,NY,10016,212-510-4633,212-428-9538,jess.chaffins@chaffins.org,http://www.newyorkpubliclibrary.com
Sharen,Bourbon,62 W Austin St,8/11/1995,Syosset,Nassau,NY,11791,516-816-1541,516-749-3188,sbourbon@yahoo.com,http://www.mccalebjohnaesq.com
Nickolas,Juvera,177 S Rider Trl #52,6/14/1970,Crystal River,Citrus,FL,34429,352-598-8301,352-947-6152,nickolas_juvera@cox.net,http://www.unitedoilcoinc.com
Gary,Nunlee,2 W Mount Royal Ave,10/20/1993,Fortville,Hancock,IN,46040,317-542-6023,317-887-8486,gary_nunlee@nunlee.org,http://www.irvingfootcenter.com
Diane,Devreese,1953 Telegraph Rd,2/06/1989,Saint Joseph,Buchanan,MO,64504,816-557-9673,816-329-5565,diane@cox.net,http://www.acmesupplyco.com
Roslyn,Chavous,63517 Dupont St,2/25/1995,Jackson,Hinds,MS,39211,601-234-9632,601-973-5754,roslyn.chavous@chavous.org,http://www.mcraejamesl.com
Glory,Schieler,5 E Truman Rd,11/21/1985,Abilene,Taylor,TX,79602,325-869-2649,325-740-3778,glory@yahoo.com,http://www.mcgrathsseafood.com
Rasheeda,Sayaphon,251 Park Ave #979,5/19/1996,Saratoga,Santa Clara,CA,95070,408-805-4309,408-997-7490,rasheeda@aol.com,http://www.kummererjmichaelesq.com
Alpha,Palaia,43496 Commercial Dr #29,2/10/1975,Cherry Hill,Camden,NJ,8003,856-312-2629,856-513-7024,alpha@yahoo.com,http://www.stofferjamesmjr.com
Refugia,Jacobos,2184 Worth St,5/28/1980,Hayward,Alameda,CA,94545,510-974-8671,510-509-3496,refugia.jacobos@jacobos.com,http://www.northcentralflsftycncl.com
Shawnda,Yori,50126 N Plankinton Ave,3/27/1971,Longwood,Seminole,FL,32750,407-538-5106,407-564-8113,shawnda.yori@yahoo.com,http://www.fioruccifoodsusainc.com
Mona,Delasancha,38773 Gravois Ave,11/18/1993,Cheyenne,Laramie,WY,82001,307-403-1488,307-816-7115,mdelasancha@hotmail.com,http://www.signall.com
Gilma,Liukko,16452 Greenwich St,5/07/1978,Garden City,Nassau,NY,11530,516-393-9967,516-407-9573,gilma_liukko@gmail.com,http://www.sammyssteakden.com
Janey,Gabisi,40 Cambridge Ave,2/04/1999,Madison,Dane,WI,53715,608-967-7194,608-586-6912,jgabisi@hotmail.com,http://www.dobschastephenfesq.com
Lili,Paskin,20113 4th Ave E,2/02/1975,Kearny,Hudson,NJ,7032,201-431-2989,201-478-8540,lili.paskin@cox.net,http://www.morgancustomhomes.com
Loren,Asar,6 Ridgewood Center Dr,1/05/1991,Old Forge,Lackawanna,PA,18518,570-648-3035,570-569-2356,loren.asar@aol.com,http://www.olsenpaynecompany.com
Dorothy,Chesterfield,469 Outwater Ln,5/26/1982,San Diego,San Diego,CA,92126,858-617-7834,858-732-1884,dorothy@cox.net,http://www.cowankelly.com
Gail,Similton,62 Monroe St,11/25/1984,Thousand Palms,Riverside,CA,92276,760-616-5388,760-493-9208,gail_similton@similton.com,http://www.johnsonwesesq.com
Catalina,Tillotson,3338 A Lockport Pl #6,9/12/1975,Margate City,Atlantic,NJ,8402,609-373-3332,609-826-4990,catalina@hotmail.com,http://www.icnpharmaceuticalsinc.com
Lawrence,Lorens,9 Hwy,2/26/1993,Providence,Providence,RI,2906,401-465-6432,401-893-1820,lawrence.lorens@hotmail.com,http://www.newenglandsecequipcoinc.com
Carlee,Boulter,8284 Hart St,11/29/1974,Abilene,Dickinson,KS,67410,785-347-1805,785-253-7049,carlee.boulter@hotmail.com,http://www.tippetttroymii.com
Thaddeus,Ankeny,5 Washington St #1,11/28/1984,Roseville,Placer,CA,95678,916-920-3571,916-459-2433,tankeny@ankeny.org,http://www.atccontracting.com
Jovita,Oles,8 S Haven St,4/21/1971,Daytona Beach,Volusia,FL,32114,386-248-4118,386-208-6976,joles@gmail.com,http://www.paganophilipgesq.com
Alesia,Hixenbaugh,9 Front St,6/09/1986,Washington,District of Columbia,DC,20001,202-646-7516,202-276-6826,alesia_hixenbaugh@hixenbaugh.org,http://www.kwikprint.com
Lai,Harabedian,1933 Packer Ave #2,4/21/1988,Novato,Marin,CA,94945,415-423-3294,415-926-6089,lai@gmail.com,http://www.buergimaddenscale.com
Brittni,Gillaspie,67 Rv Cent,12/16/1994,Boise,Ada,ID,83709,208-709-1235,208-206-9848,bgillaspie@gillaspie.com,http://www.innerlabel.com
Raylene,Kampa,2 Sw Nyberg Rd,10/06/1982,Elkhart,Elkhart,IN,46514,574-499-1454,574-330-1884,rkampa@kampa.org,http://www.hermarinc.com
Flo,Bookamer,89992 E 15th St,6/22/1983,Alliance,Box Butte,NE,69301,308-726-2182,308-250-6987,flo.bookamer@cox.net,http://www.simontonhoweschneiderpc.com
Jani,Biddy,61556 W 20th Ave,3/23/1992,Seattle,King,WA,98104,206-711-6498,206-395-6284,jbiddy@yahoo.com,http://www.warehouseofficepaperprod.com
Chauncey,Motley,63 E Aurora Dr,4/11/1979,Orlando,Orange,FL,32804,407-413-4842,407-557-8857,chauncey_motley@aol.com,http://www.affiliatedwithtravelodge.com
,,,,,,,,,,,
,,,,,,,,,,,
,,,,,,,,,,,
,,,,,,,,,,,
,,,,,,,,,,,
,,,,,,,,,,,
,,,,,,,,,,,
,,,,,,,,,,,
,,,,,,,,,,,
,,,,,,,,,,,
,,,,,,,,,,,
,,,,,,,,,,,
,,,,,,,,,,,
,,,,,,,,,,,
,,,,,,,,,,,
,,,,,,,,,,,
,,,,,,,,,,,
,,,,,,,,,,,
,,,,,,,,,,,
,,,,,,,,,,,
,,,,,,,,,,,
,,,,,,,,,,,
,,,,,,,,,,,
,,,,,,,,,,,
,,,,,,,,,,,
,,,,,,,,,,,
,,,,,,,,,,,
,,,,,,,,,,,
,,,,,,,,,,,
,,,,,,,,,,,
,,,,,,,,,,,
,,,,,,,,,,,
,,,,,,,,,,,
,,,,,,,,,,,
,,,,,,,,,,,
,,,,,,,,,,,
,,,,,,,,,,,
,,,,,,,,,,,
,,,,,,,,,,,
,,,,,,,,,,,
,,,,,,,,,,,
,,,,,,,,,,,
,,,,,,,,,,,
,,,,,,,,,,,
,,,,,,,,,,,
,,,,,,,,,,,
,,,,,,,,,,,
,,,,,,,,,,,
,,,,,,,,,,,
,,,,,,,,,,,
,,,,,,,,,,,
,,,,,,,,,,,
,,,,,,,,,,,
,,,,,,,,,,,
,,,,,,,,,,,
,,,,,,,,,,,
,,,,,,,,,,,
,,,,,,,,,,,
,,,,,,,,,,,
,,,,,,,,,,,
,,,,,,,,,,,
,,,,,,,,,,,
,,,,,,,,,,,
,,,,,,,,,,,
,,,,,,,,,,,
,,,,,,,,,,,
,,,,,,,,,,,
,,,,,,,,,,,
,,,,,,,,,,,
,,,,,,,,,,,
,,,,,,,,,,,
,,,,,,,,,,,
,,,,,,,,,,,
,,,,,,,,,,,
,,,,,,,,,,,
,,,,,,,,,,,
,,,,,,,,,,,
,,,,,,,,,,,
,,,,,,,,,,,
,,,,,,,,,,,
,,,,,,,,,,,
,,,,,,,,,,,
,,,,,,,,,,,
,,,,,,,,,,,
,,,,,,,,,,,
,,,,,,,,,,,
,,,,,,,,,,,
,,,,,,,,,,,
,,,,,,,,,,,
,,,,,,,,,,,
,,,,,,,,,,,
,,,,,,,,,,,
,,,,,,,,,,,
,,,,,,,,,,,
,,,,,,,,,,,
,,,,,,,,,,,
,,,,,,,,,,,
,,,,,,,,,,,
,,,,,,,,,,,
,,,,,,,,,,,
,,,,,,,,,,,
,,,,,,,,,,,
,,,,,,,,,,,
,,,,,,,,,,,
,,,,,,,,,,,
,,,,,,,,,,,
,,,,,,,,,,,
,,,,,,,,,,,
,,,,,,,,,,,
,,,,,,,,,,,
,,,,,,,,,,,
,,,,,,,,,,,
,,,,,,,,,,,
,,,,,,,,,,,
,,,,,,,,,,,
,,,,,,,,,,,
,,,,,,,,,,,
,,,,,,,,,,,
,,,,,,,,,,,
,,,,,,,,,,,
,,,,,,,,,,,
,,,,,,,,,,,
,,,,,,,,,,,
,,,,,,,,,,,
,,,,,,,,,,,
,,,,,,,,,,,
,,,,,,,,,,,
,,,,,,,,,,,
,,,,,,,,,,,
,,,,,,,,,,,
,,,,,,,,,,,
,,,,,,,,,,,
,,,,,,,,,,,
,,,,,,,,,,,
,,,,,,,,,,,
,,,,,,,,,,,
,,,,,,,,,,,
,,,,,,,,,,,
,,,,,,,,,,,
,,,,,,,,,,,
,,,,,,,,,,,
,,,,,,,,,,,
,,,,,,,,,,,
,,,,,,,,,,,
,,,,,,,,,,,
,,,,,,,,,,,
,,,,,,,,,,,
,,,,,,,,,,,
,,,,,,,,,,,
,,,,,,,,,,,
,,,,,,,,,,,
,,,,,,,,,,,
,,,,,,,,,,,
,,,,,,,,,,,
,,,,,,,,,,,
,,,,,,,,,,,
,,,,,,,,,,,
,,,,,,,,,,,
,,,,,,,,,,,
,,,,,,,,,,,
,,,,,,,,,,,
,,,,,,,,,,,
,,,,,,,,,,,
,,,,,,,,,,,
,,,,,,,,,,,
,,,,,,,,,,,
,,,,,,,,,,,
,,,,,,,,,,,
,,,,,,,,,,,
,,,,,,,,,,,
,,,,,,,,,,,
,,,,,,,,,,,
,,,,,,,,,,,
,,,,,,,,,,,
,,,,,,,,,,,
,,,,,,,,,,,
,,,,,,,,,,,
,,,,,,,,,,,
,,,,,,,,,,,
,,,,,,,,,,,
,,,,,,,,,,,
,,,,,,,,,,,
,,,,,,,,,,,
,,,,,,,,,,,
,,,,,,,,,,,
,,,,,,,,,,,
,,,,,,,,,,,
,,,,,,,,,,,
,,,,,,,,,,,
,,,,,,,,,,,
,,,,,,,,,,,
,,,,,,,,,,,
,,,,,,,,,,,
,,,,,,,,,,,
,,,,,,,,,,,
,,,,,,,,,,,
,,,,,,,,,,,
,,,,,,,,,,,
,,,,,,,,,,,
,,,,,,,,,,,
,,,,,,,,,,,
,,,,,,,,,,,
,,,,,,,,,,,
,,,,,,,,,,,
,,,,,,,,,,,
,,,,,,,,,,,
,,,,,,,,,,,
,,,,,,,,,,,
,,,,,,,,,,,
,,,,,,,,,,,
,,,,,,,,,,,
,,,,,,,,,,,
,,,,,,,,,,,
,,,,,,,,,,,
,,,,,,,,,,,
,,,,,,,,,,,
,,,,,,,,,,,
,,,,,,,,,,,
,,,,,,,,,,,
,,,,,,,,,,,
,,,,,,,,,,,
,,,,,,,,,,,
,,,,,,,,,,,
,,,,,,,,,,,
,,,,,,,,,,,
,,,,,,,,,,,
,,,,,,,,,,,
,,,,,,,,,,,
,,,,,,,,,,,
,,,,,,,,,,,
,,,,,,,,,,,
,,,,,,,,,,,
,,,,,,,,,,,
,,,,,,,,,,,
,,,,,,,,,,,
,,,,,,,,,,,
,,,,,,,,,,,
,,,,,,,,,,,
,,,,,,,,,,,
,,,,,,,,,,,
,,,,,,,,,,,
,,,,,,,,,,,
,,,,,,,,,,,
,,,,,,,,,,,
,,,,,,,,,,,
,,,,,,,,,,,
,,,,,,,,,,,
,,,,,,,,,,,
,,,,,,,,,,,
,,,,,,,,,,,
,,,,,,,,,,,
,,,,,,,,,,,
,,,,,,,,,,,
,,,,,,,,,,,
,,,,,,,,,,,
,,,,,,,,,,,
,,,,,,,,,,,
,,,,,,,,,,,
,,,,,,,,,,,
,,,,,,,,,,,
,,,,,,,,,,,
,,,,,,,,,,,
,,,,,,,,,,,
,,,,,,,,,,,
,,,,,,,,,,,
,,,,,,,,,,,
,,,,,,,,,,,
,,,,,,,,,,,
,,,,,,,,,,,
,,,,,,,,,,,
,,,,,,,,,,,
,,,,,,,,,,,
,,,,,,,,,,,
,,,,,,,,,,,
,,,,,,,,,,,
,,,,,,,,,,,
,,,,,,,,,,,
,,,,,,,,,,,
,,,,,,,,,,,
,,,,,,,,,,,
,,,,,,,,,,,
,,,,,,,,,,,
,,,,,,,,,,,
,,,,,,,,,,,
,,,,,,,,,,,
,,,,,,,,,,,
,,,,,,,,,,,
,,,,,,,,,,,
,,,,,,,,,,,
,,,,,,,,,,,
,,,,,,,,,,,
,,,,,,,,,,,
,,,,,,,,,,,
,,,,,,,,,,,
,,,,,,,,,,,
,,,,,,,,,,,
,,,,,,,,,,,
,,,,,,,,,,,
,,,,,,,,,,,
,,,,,,,,,,,
,,,,,,,,,,,
,,,,,,,,,,,
,,,,,,,,,,,
,,,,,,,,,,,
,,,,,,,,,,,
,,,,,,,,,,,
,,,,,,,,,,,
,,,,,,,,,,,
,,,,,,,,,,,
,,,,,,,,,,,
,,,,,,,,,,,
,,,,,,,,,,,
,,,,,,,,,,,
,,,,,,,,,,,
,,,,,,,,,,,
,,,,,,,,,,,
,,,,,,,,,,,
,,,,,,,,,,,
,,,,,,,,,,,
,,,,,,,,,,,
,,,,,,,,,,,
,,,,,,,,,,,
,,,,,,,,,,,
,,,,,,,,,,,
,,,,,,,,,,,
,,,,,,,,,,,
,,,,,,,,,,,
,,,,,,,,,,,
,,,,,,,,,,,
,,,,,,,,,,,
,,,,,,,,,,,
,,,,,,,,,,,
,,,,,,,,,,,
,,,,,,,,,,,
,,,,,,,,,,,
,,,,,,,,,,,
,,,,,,,,,,,
,,,,,,,,,,,
,,,,,,,,,,,
,,,,,,,,,,,
,,,,,,,,,,,
,,,,,,,,,,,
,,,,,,,,,,,
,,,,,,,,,,,
,,,,,,,,,,,
,,,,,,,,,,,
,,,,,,,,,,,
,,,,,,,,,,,
,,,,,,,,,,,
,,,,,,,,,,,
,,,,,,,,,,,
,,,,,,,,,,,
,,,,,,,,,,,
,,,,,,,,,,,
,,,,,,,,,,,
,,,,,,,,,,,
,,,,,,,,,,,
,,,,,,,,,,,
,,,,,,,,,,,
,,,,,,,,,,,
,,,,,,,,,,,
,,,,,,,,,,,
,,,,,,,,,,,
,,,,,,,,,,,
,,,,,,,,,,,
,,,,,,,,,,,
,,,,,,,,,,,
,,,,,,,,,,,
,,,,,,,,,,,
,,,,,,,,,,,
,,,,,,,,,,,
,,,,,,,,,,,
,,,,,,,,,,,
,,,,,,,,,,,
,,,,,,,,,,,
,,,,,,,,,,,
,,,,,,,,,,,
,,,,,,,,,,,
,,,,,,,,,,,
,,,,,,,,,,,
,,,,,,,,,,,
,,,,,,,,,,,
,,,,,,,,,,,
,,,,,,,,,,,
,,,,,,,,,,,
,,,,,,,,,,,
,,,,,,,,,,,
,,,,,,,,,,,
,,,,,,,,,,,
,,,,,,,,,,,
,,,,,,,,,,,
,,,,,,,,,,,
,,,,,,,,,,,
,,,,,,,,,,,
,,,,,,,,,,,
,,,,,,,,,,,
,,,,,,,,,,,
,,,,,,,,,,,
,,,,,,,,,,,
,,,,,,,,,,,
,,,,,,,,,,,
,,,,,,,,,,,
,,,,,,,,,,,
,,,,,,,,,,,
,,,,,,,,,,,
,,,,,,,,,,,
,,,,,,,,,,,
,,,,,,,,,,,
,,,,,,,,,,,
,,,,,,,,,,,
,,,,,,,,,,,
,,,,,,,,,,,
,,,,,,,,,,,
,,,,,,,,,,,
,,,,,,,,,,,
,,,,,,,,,,,
,,,,,,,,,,,
,,,,,,,,,,,
,,,,,,,,,,,
,,,,,,,,,,,
,,,,,,,,,,,
,,,,,,,,,,,
,,,,,,,,,,,
,,,,,,,,,,,
,,,,,,,,,,,
,,,,,,,,,,,
,,,,,,,,,,,
,,,,,,,,,,,
,,,,,,,,,,,
,,,,,,,,,,,
,,,,,,,,,,,
,,,,,,,,,,,
,,,,,,,,,,,
,,,,,,,,,,,
,,,,,,,,,,,
,,,,,,,,,,,
,,,,,,,,,,,
,,,,,,,,,,,
,,,,,,,,,,,
,,,,,,,,,,,
,,,,,,,,,,,
,,,,,,,,,,,
,,,,,,,,,,,
,,,,,,,,,,,
,,,,,,,,,,,
,,,,,,,,,,,
,,,,,,,,,,,
,,,,,,,,,,,
,,,,,,,,,,,
,,,,,,,,,,,
,,,,,,,,,,,
,,,,,,,,,,,
,,,,,,,,,,,
,,,,,,,,,,,
,,,,,,,,,,,
,,,,,,,,,,,
,,,,,,,,,,,
,,,,,,,,,,,
,,,,,,,,,,,
,,,,,,,,,,,
,,,,,,,,,,,
,,,,,,,,,,,
,,,,,,,,,,,
,,,,,,,,,,,
,,,,,,,,,,,
,,,,,,,,,,,
,,,,,,,,,,,
,,,,,,,,,,,
,,,,,,,,,,,
,,,,,,,,,,,
,,,,,,,,,,,
,,,,,,,,,,,
,,,,,,,,,,,
,,,,,,,,,,,
,,,,,,,,,,,
,,,,,,,,,,,
,,,,,,,,,,,
,,,,,,,,,,,
,,,,,,,,,,,
,,,,,,,,,,,
,,,,,,,,,,,
,,,,,,,,,,,
,,,,,,,,,,,
,,,,,,,,,,,
,,,,,,,,,,,
,,,,,,,,,,,
,,,,,,,,,,,
,,,,,,,,,,,
,,,,,,,,,,,
,,,,,,,,,,,
,,,,,,,,,,,
,,,,,,,,,,,
,,,,,,,,,,,
,,,,,,,,,,,
,,,,,,,,,,,
,,,,,,,,,,,
,,,,,,,,,,,
,,,,,,,,,,,
,,,,,,,,,,,
,,,,,,,,,,,
